participant_internal_id,participant_characteristic_name,participant_characteristic_value,participant_characteristic_unit,participant_characteristic_description
IZTECH_S001,VLSQ8,35,,Source: vlsq8.RData; original column: VLSQ8.
IZTECH_S001,meq_type,Intermediate,,Derived phenotype measure calculated during source-data preprocessing. Derived MEQ chronotype category. Source: chronotype.RData; original column: meq_type.
IZTECH_S001,meq,54,score,Derived phenotype measure calculated during source-data preprocessing. Calculated Morningness-Eveningness Questionnaire score. Source: chronotype.RData; original column: meq.
IZTECH_S001,msf_sc,11571.4285709858,seconds after midnight,Derived phenotype measure calculated during source-data preprocessing. Calculated sleep-corrected midpoint of sleep on free days. Source: chronotype.RData; original column: msf_sc.
IZTECH_S001,sjl,0.166666666666667,hours,Derived phenotype measure calculated during source-data preprocessing. Calculated social jetlag. Source: chronotype.RData; original column: sjl.
IZTECH_S001,so_w,2400,seconds after midnight,Derived phenotype measure calculated during source-data preprocessing. Calculated sleep onset on working days. Source: chronotype.RData; original column: so_w.
IZTECH_S001,so_f,1800,seconds after midnight,Derived phenotype measure calculated during source-data preprocessing. Calculated sleep onset on free days. Source: chronotype.RData; original column: so_f.
IZTECH_S001,sd_w,5.33333333333333,hours,Derived phenotype measure calculated during source-data preprocessing. Calculated sleep duration on working days. Source: chronotype.RData; original column: sd_w.
IZTECH_S001,sd_f,6,hours,Derived phenotype measure calculated during source-data preprocessing. Calculated sleep duration on free days. Source: chronotype.RData; original column: sd_f.
IZTECH_S001,msw,12000,seconds after midnight,Derived phenotype measure calculated during source-data preprocessing. Calculated midpoint of sleep on working days. Source: chronotype.RData; original column: msw.
IZTECH_S001,msf,12600,seconds after midnight,Derived phenotype measure calculated during source-data preprocessing. Calculated midpoint of sleep on free days. Source: chronotype.RData; original column: msf.
IZTECH_S001,sd_week,5.42857142857143,hours,Derived phenotype measure calculated during source-data preprocessing. Calculated average weekly sleep duration. Source: chronotype.RData; original column: sd_week.
IZTECH_S001,outdoor,154.285714285714,minutes,Derived phenotype measure calculated during source-data preprocessing. Calculated average time spent outside. Source: chronotype.RData; original column: outdoor.
IZTECH_S001,native_language,TRUE,,Source: demographics.RData; original column: native_language.
IZTECH_S001,employment_status,Full time employed,,Source: demographics.RData; original column: employment_status.
IZTECH_S001,medication,FALSE,,Source: health.RData; original column: medication.
IZTECH_S001,tobacco,FALSE,,Source: health.RData; original column: tobacco.
IZTECH_S001,drugs,FALSE,,Source: health.RData; original column: drugs.
IZTECH_S001,disorder,FALSE,,Source: health.RData; original column: disorder.
IZTECH_S001,gen_health,Good,,Source: health.RData; original column: gen_health.
IZTECH_S001,visual_acuity,I require prescription glasses and/or lenses but I am willing to only wear contact lenses during the experimental week,,Source: health.RData; original column: visual_acuity.
IZTECH_S001,glasses_use,TRUE,,Source: evaluation.RData; original column: glasses_use.
IZTECH_S001,ASE,32,,Source: ase.RData; original column: ASE.
IZTECH_S002,VLSQ8,14,,Source: vlsq8.RData; original column: VLSQ8.
IZTECH_S002,meq_type,Moderately evening type,,Derived phenotype measure calculated during source-data preprocessing. Derived MEQ chronotype category. Source: chronotype.RData; original column: meq_type.
IZTECH_S002,meq,32,score,Derived phenotype measure calculated during source-data preprocessing. Calculated Morningness-Eveningness Questionnaire score. Source: chronotype.RData; original column: meq.
IZTECH_S002,msf_sc,19071.4285709858,seconds after midnight,Derived phenotype measure calculated during source-data preprocessing. Calculated sleep-corrected midpoint of sleep on free days. Source: chronotype.RData; original column: msf_sc.
IZTECH_S002,sjl,1.75,hours,Derived phenotype measure calculated during source-data preprocessing. Calculated social jetlag. Source: chronotype.RData; original column: sjl.
IZTECH_S002,so_w,2400,seconds after midnight,Derived phenotype measure calculated during source-data preprocessing. Calculated sleep onset on working days. Source: chronotype.RData; original column: so_w.
IZTECH_S002,so_f,6000,seconds after midnight,Derived phenotype measure calculated during source-data preprocessing. Calculated sleep onset on free days. Source: chronotype.RData; original column: so_f.
IZTECH_S002,sd_w,6.83333333333333,hours,Derived phenotype measure calculated during source-data preprocessing. Calculated sleep duration on working days. Source: chronotype.RData; original column: sd_w.
IZTECH_S002,sd_f,8.33333333333333,hours,Derived phenotype measure calculated during source-data preprocessing. Calculated sleep duration on free days. Source: chronotype.RData; original column: sd_f.
IZTECH_S002,msw,14700,seconds after midnight,Derived phenotype measure calculated during source-data preprocessing. Calculated midpoint of sleep on working days. Source: chronotype.RData; original column: msw.
IZTECH_S002,msf,21000,seconds after midnight,Derived phenotype measure calculated during source-data preprocessing. Calculated midpoint of sleep on free days. Source: chronotype.RData; original column: msf.
IZTECH_S002,sd_week,7.26190476190476,hours,Derived phenotype measure calculated during source-data preprocessing. Calculated average weekly sleep duration. Source: chronotype.RData; original column: sd_week.
IZTECH_S002,outdoor,171.428571428571,minutes,Derived phenotype measure calculated during source-data preprocessing. Calculated average time spent outside. Source: chronotype.RData; original column: outdoor.
IZTECH_S002,native_language,TRUE,,Source: demographics.RData; original column: native_language.
IZTECH_S002,employment_status,Studying and employed,,Source: demographics.RData; original column: employment_status.
IZTECH_S002,medication,TRUE,,Source: health.RData; original column: medication.
IZTECH_S002,tobacco,FALSE,,Source: health.RData; original column: tobacco.
IZTECH_S002,drugs,FALSE,,Source: health.RData; original column: drugs.
IZTECH_S002,disorder,FALSE,,Source: health.RData; original column: disorder.
IZTECH_S002,gen_health,Good,,Source: health.RData; original column: gen_health.
IZTECH_S002,visual_acuity,I do not require prescription glasses and/or contact lenses,,Source: health.RData; original column: visual_acuity.
IZTECH_S002,glasses_use,TRUE,,Source: evaluation.RData; original column: glasses_use.
IZTECH_S002,ASE,23,,Source: ase.RData; original column: ASE.
IZTECH_S003,VLSQ8,22,,Source: vlsq8.RData; original column: VLSQ8.
IZTECH_S003,meq_type,Moderately evening type,,Derived phenotype measure calculated during source-data preprocessing. Derived MEQ chronotype category. Source: chronotype.RData; original column: meq_type.
IZTECH_S003,meq,40,score,Derived phenotype measure calculated during source-data preprocessing. Calculated Morningness-Eveningness Questionnaire score. Source: chronotype.RData; original column: meq.
IZTECH_S003,msf_sc,18964.2857140303,seconds after midnight,Derived phenotype measure calculated during source-data preprocessing. Calculated sleep-corrected midpoint of sleep on free days. Source: chronotype.RData; original column: msf_sc.
IZTECH_S003,sjl,1.79166666666667,hours,Derived phenotype measure calculated during source-data preprocessing. Calculated social jetlag. Source: chronotype.RData; original column: sjl.
IZTECH_S003,so_w,3900,seconds after midnight,Derived phenotype measure calculated during source-data preprocessing. Calculated sleep onset on working days. Source: chronotype.RData; original column: so_w.
IZTECH_S003,so_f,5400,seconds after midnight,Derived phenotype measure calculated during source-data preprocessing. Calculated sleep onset on free days. Source: chronotype.RData; original column: so_f.
IZTECH_S003,sd_w,6.75,hours,Derived phenotype measure calculated during source-data preprocessing. Calculated sleep duration on working days. Source: chronotype.RData; original column: sd_w.
IZTECH_S003,sd_f,9.5,hours,Derived phenotype measure calculated during source-data preprocessing. Calculated sleep duration on free days. Source: chronotype.RData; original column: sd_f.
IZTECH_S003,msw,16050,seconds after midnight,Derived phenotype measure calculated during source-data preprocessing. Calculated midpoint of sleep on working days. Source: chronotype.RData; original column: msw.
IZTECH_S003,msf,22500,seconds after midnight,Derived phenotype measure calculated during source-data preprocessing. Calculated midpoint of sleep on free days. Source: chronotype.RData; original column: msf.
IZTECH_S003,sd_week,7.53571428571429,hours,Derived phenotype measure calculated during source-data preprocessing. Calculated average weekly sleep duration. Source: chronotype.RData; original column: sd_week.
IZTECH_S003,outdoor,233.571428571429,minutes,Derived phenotype measure calculated during source-data preprocessing. Calculated average time spent outside. Source: chronotype.RData; original column: outdoor.
IZTECH_S003,native_language,TRUE,,Source: demographics.RData; original column: native_language.
IZTECH_S003,employment_status,Studying and employed,,Source: demographics.RData; original column: employment_status.
IZTECH_S003,medication,FALSE,,Source: health.RData; original column: medication.
IZTECH_S003,tobacco,FALSE,,Source: health.RData; original column: tobacco.
IZTECH_S003,drugs,FALSE,,Source: health.RData; original column: drugs.
IZTECH_S003,disorder,FALSE,,Source: health.RData; original column: disorder.
IZTECH_S003,gen_health,Fair,,Source: health.RData; original column: gen_health.
IZTECH_S003,visual_acuity,I require prescription glasses and/or lenses but I am willing to only wear contact lenses during the experimental week,,Source: health.RData; original column: visual_acuity.
IZTECH_S003,glasses_use,FALSE,,Source: evaluation.RData; original column: glasses_use.
IZTECH_S003,ASE,31,,Source: ase.RData; original column: ASE.
IZTECH_S004,VLSQ8,19,,Source: vlsq8.RData; original column: VLSQ8.
IZTECH_S004,meq_type,Moderately evening type,,Derived phenotype measure calculated during source-data preprocessing. Derived MEQ chronotype category. Source: chronotype.RData; original column: meq_type.
IZTECH_S004,meq,40,score,Derived phenotype measure calculated during source-data preprocessing. Calculated Morningness-Eveningness Questionnaire score. Source: chronotype.RData; original column: meq.
IZTECH_S004,msf_sc,24300,seconds after midnight,Derived phenotype measure calculated during source-data preprocessing. Calculated sleep-corrected midpoint of sleep on free days. Source: chronotype.RData; original column: msf_sc.
IZTECH_S004,sjl,1.875,hours,Derived phenotype measure calculated during source-data preprocessing. Calculated social jetlag. Source: chronotype.RData; original column: sjl.
IZTECH_S004,so_w,3600,seconds after midnight,Derived phenotype measure calculated during source-data preprocessing. Calculated sleep onset on working days. Source: chronotype.RData; original column: so_w.
IZTECH_S004,so_f,10800,seconds after midnight,Derived phenotype measure calculated during source-data preprocessing. Calculated sleep onset on free days. Source: chronotype.RData; original column: so_f.
IZTECH_S004,sd_w,7.75,hours,Derived phenotype measure calculated during source-data preprocessing. Calculated sleep duration on working days. Source: chronotype.RData; original column: sd_w.
IZTECH_S004,sd_f,7.5,hours,Derived phenotype measure calculated during source-data preprocessing. Calculated sleep duration on free days. Source: chronotype.RData; original column: sd_f.
IZTECH_S004,msw,17550,seconds after midnight,Derived phenotype measure calculated during source-data preprocessing. Calculated midpoint of sleep on working days. Source: chronotype.RData; original column: msw.
IZTECH_S004,msf,24300,seconds after midnight,Derived phenotype measure calculated during source-data preprocessing. Calculated midpoint of sleep on free days. Source: chronotype.RData; original column: msf.
IZTECH_S004,sd_week,7.67857142857143,hours,Derived phenotype measure calculated during source-data preprocessing. Calculated average weekly sleep duration. Source: chronotype.RData; original column: sd_week.
IZTECH_S004,outdoor,180,minutes,Derived phenotype measure calculated during source-data preprocessing. Calculated average time spent outside. Source: chronotype.RData; original column: outdoor.
IZTECH_S004,native_language,TRUE,,Source: demographics.RData; original column: native_language.
IZTECH_S004,employment_status,Studying and employed,,Source: demographics.RData; original column: employment_status.
IZTECH_S004,medication,FALSE,,Source: health.RData; original column: medication.
IZTECH_S004,tobacco,FALSE,,Source: health.RData; original column: tobacco.
IZTECH_S004,drugs,FALSE,,Source: health.RData; original column: drugs.
IZTECH_S004,disorder,FALSE,,Source: health.RData; original column: disorder.
IZTECH_S004,gen_health,Good,,Source: health.RData; original column: gen_health.
IZTECH_S004,visual_acuity,I do not require prescription glasses and/or contact lenses,,Source: health.RData; original column: visual_acuity.
IZTECH_S004,glasses_use,FALSE,,Source: evaluation.RData; original column: glasses_use.
IZTECH_S004,ASE,25,,Source: ase.RData; original column: ASE.
IZTECH_S005,VLSQ8,23,,Source: vlsq8.RData; original column: VLSQ8.
IZTECH_S005,meq_type,Intermediate,,Derived phenotype measure calculated during source-data preprocessing. Derived MEQ chronotype category. Source: chronotype.RData; original column: meq_type.
IZTECH_S005,meq,57,score,Derived phenotype measure calculated during source-data preprocessing. Calculated Morningness-Eveningness Questionnaire score. Source: chronotype.RData; original column: meq.
IZTECH_S005,msf_sc,19800,seconds after midnight,Derived phenotype measure calculated during source-data preprocessing. Calculated sleep-corrected midpoint of sleep on free days. Source: chronotype.RData; original column: msf_sc.
IZTECH_S005,sjl,1.16666666666667,hours,Derived phenotype measure calculated during source-data preprocessing. Calculated social jetlag. Source: chronotype.RData; original column: sjl.
IZTECH_S005,so_w,1200,seconds after midnight,Derived phenotype measure calculated during source-data preprocessing. Calculated sleep onset on working days. Source: chronotype.RData; original column: so_w.
IZTECH_S005,so_f,5400,seconds after midnight,Derived phenotype measure calculated during source-data preprocessing. Calculated sleep onset on free days. Source: chronotype.RData; original column: so_f.
IZTECH_S005,sd_w,8,hours,Derived phenotype measure calculated during source-data preprocessing. Calculated sleep duration on working days. Source: chronotype.RData; original column: sd_w.
IZTECH_S005,sd_f,8,hours,Derived phenotype measure calculated during source-data preprocessing. Calculated sleep duration on free days. Source: chronotype.RData; original column: sd_f.
IZTECH_S005,msw,15600,seconds after midnight,Derived phenotype measure calculated during source-data preprocessing. Calculated midpoint of sleep on working days. Source: chronotype.RData; original column: msw.
IZTECH_S005,msf,19800,seconds after midnight,Derived phenotype measure calculated during source-data preprocessing. Calculated midpoint of sleep on free days. Source: chronotype.RData; original column: msf.
IZTECH_S005,sd_week,8,hours,Derived phenotype measure calculated during source-data preprocessing. Calculated average weekly sleep duration. Source: chronotype.RData; original column: sd_week.
IZTECH_S005,outdoor,120,minutes,Derived phenotype measure calculated during source-data preprocessing. Calculated average time spent outside. Source: chronotype.RData; original column: outdoor.
IZTECH_S005,native_language,TRUE,,Source: demographics.RData; original column: native_language.
IZTECH_S005,employment_status,Studying and employed,,Source: demographics.RData; original column: employment_status.
IZTECH_S005,medication,FALSE,,Source: health.RData; original column: medication.
IZTECH_S005,tobacco,FALSE,,Source: health.RData; original column: tobacco.
IZTECH_S005,drugs,FALSE,,Source: health.RData; original column: drugs.
IZTECH_S005,disorder,FALSE,,Source: health.RData; original column: disorder.
IZTECH_S005,gen_health,Very good,,Source: health.RData; original column: gen_health.
IZTECH_S005,visual_acuity,I do not require prescription glasses and/or contact lenses,,Source: health.RData; original column: visual_acuity.
IZTECH_S005,glasses_use,FALSE,,Source: evaluation.RData; original column: glasses_use.
IZTECH_S005,ASE,28,,Source: ase.RData; original column: ASE.
IZTECH_S006,VLSQ8,19,,Source: vlsq8.RData; original column: VLSQ8.
IZTECH_S006,meq_type,Intermediate,,Derived phenotype measure calculated during source-data preprocessing. Derived MEQ chronotype category. Source: chronotype.RData; original column: meq_type.
IZTECH_S006,meq,57,score,Derived phenotype measure calculated during source-data preprocessing. Calculated Morningness-Eveningness Questionnaire score. Source: chronotype.RData; original column: meq.
IZTECH_S006,msf_sc,15450,seconds after midnight,Derived phenotype measure calculated during source-data preprocessing. Calculated sleep-corrected midpoint of sleep on free days. Source: chronotype.RData; original column: msf_sc.
IZTECH_S006,sjl,0.375,hours,Derived phenotype measure calculated during source-data preprocessing. Calculated social jetlag. Source: chronotype.RData; original column: sjl.
IZTECH_S006,so_w,1200,seconds after midnight,Derived phenotype measure calculated during source-data preprocessing. Calculated sleep onset on working days. Source: chronotype.RData; original column: so_w.
IZTECH_S006,so_f,3900,seconds after midnight,Derived phenotype measure calculated during source-data preprocessing. Calculated sleep onset on free days. Source: chronotype.RData; original column: so_f.
IZTECH_S006,sd_w,7.16666666666667,hours,Derived phenotype measure calculated during source-data preprocessing. Calculated sleep duration on working days. Source: chronotype.RData; original column: sd_w.
IZTECH_S006,sd_f,6.41666666666667,hours,Derived phenotype measure calculated during source-data preprocessing. Calculated sleep duration on free days. Source: chronotype.RData; original column: sd_f.
IZTECH_S006,msw,14100,seconds after midnight,Derived phenotype measure calculated during source-data preprocessing. Calculated midpoint of sleep on working days. Source: chronotype.RData; original column: msw.
IZTECH_S006,msf,15450,seconds after midnight,Derived phenotype measure calculated during source-data preprocessing. Calculated midpoint of sleep on free days. Source: chronotype.RData; original column: msf.
IZTECH_S006,sd_week,6.95238095238095,hours,Derived phenotype measure calculated during source-data preprocessing. Calculated average weekly sleep duration. Source: chronotype.RData; original column: sd_week.
IZTECH_S006,outdoor,514.285714285714,minutes,Derived phenotype measure calculated during source-data preprocessing. Calculated average time spent outside. Source: chronotype.RData; original column: outdoor.
IZTECH_S006,native_language,TRUE,,Source: demographics.RData; original column: native_language.
IZTECH_S006,employment_status,Full time employed,,Source: demographics.RData; original column: employment_status.
IZTECH_S006,medication,FALSE,,Source: health.RData; original column: medication.
IZTECH_S006,tobacco,FALSE,,Source: health.RData; original column: tobacco.
IZTECH_S006,drugs,FALSE,,Source: health.RData; original column: drugs.
IZTECH_S006,disorder,FALSE,,Source: health.RData; original column: disorder.
IZTECH_S006,gen_health,Good,,Source: health.RData; original column: gen_health.
IZTECH_S006,visual_acuity,I do not require prescription glasses and/or contact lenses,,Source: health.RData; original column: visual_acuity.
IZTECH_S006,glasses_use,FALSE,,Source: evaluation.RData; original column: glasses_use.
IZTECH_S006,ASE,31,,Source: ase.RData; original column: ASE.
IZTECH_S007,VLSQ8,18,,Source: vlsq8.RData; original column: VLSQ8.
IZTECH_S007,meq_type,Intermediate,,Derived phenotype measure calculated during source-data preprocessing. Derived MEQ chronotype category. Source: chronotype.RData; original column: meq_type.
IZTECH_S007,meq,58,score,Derived phenotype measure calculated during source-data preprocessing. Calculated Morningness-Eveningness Questionnaire score. Source: chronotype.RData; original column: meq.
IZTECH_S007,msf_sc,19050,seconds after midnight,Derived phenotype measure calculated during source-data preprocessing. Calculated sleep-corrected midpoint of sleep on free days. Source: chronotype.RData; original column: msf_sc.
IZTECH_S007,sjl,1.16666666666667,hours,Derived phenotype measure calculated during source-data preprocessing. Calculated social jetlag. Source: chronotype.RData; original column: sjl.
IZTECH_S007,so_w,85500,seconds after midnight,Derived phenotype measure calculated during source-data preprocessing. Calculated sleep onset on working days. Source: chronotype.RData; original column: so_w.
IZTECH_S007,so_f,3900,seconds after midnight,Derived phenotype measure calculated during source-data preprocessing. Calculated sleep onset on free days. Source: chronotype.RData; original column: so_f.
IZTECH_S007,sd_w,8.75,hours,Derived phenotype measure calculated during source-data preprocessing. Calculated sleep duration on working days. Source: chronotype.RData; original column: sd_w.
IZTECH_S007,sd_f,8.41666666666667,hours,Derived phenotype measure calculated during source-data preprocessing. Calculated sleep duration on free days. Source: chronotype.RData; original column: sd_f.
IZTECH_S007,msw,14850,seconds after midnight,Derived phenotype measure calculated during source-data preprocessing. Calculated midpoint of sleep on working days. Source: chronotype.RData; original column: msw.
IZTECH_S007,msf,19050,seconds after midnight,Derived phenotype measure calculated during source-data preprocessing. Calculated midpoint of sleep on free days. Source: chronotype.RData; original column: msf.
IZTECH_S007,sd_week,8.70238095238095,hours,Derived phenotype measure calculated during source-data preprocessing. Calculated average weekly sleep duration. Source: chronotype.RData; original column: sd_week.
IZTECH_S007,outdoor,162.857142857143,minutes,Derived phenotype measure calculated during source-data preprocessing. Calculated average time spent outside. Source: chronotype.RData; original column: outdoor.
IZTECH_S007,native_language,TRUE,,Source: demographics.RData; original column: native_language.
IZTECH_S007,employment_status,Studying and employed,,Source: demographics.RData; original column: employment_status.
IZTECH_S007,medication,FALSE,,Source: health.RData; original column: medication.
IZTECH_S007,tobacco,FALSE,,Source: health.RData; original column: tobacco.
IZTECH_S007,drugs,FALSE,,Source: health.RData; original column: drugs.
IZTECH_S007,disorder,FALSE,,Source: health.RData; original column: disorder.
IZTECH_S007,gen_health,Very good,,Source: health.RData; original column: gen_health.
IZTECH_S007,visual_acuity,I do not require prescription glasses and/or contact lenses,,Source: health.RData; original column: visual_acuity.
IZTECH_S007,glasses_use,FALSE,,Source: evaluation.RData; original column: glasses_use.
IZTECH_S007,ASE,30,,Source: ase.RData; original column: ASE.
IZTECH_S008,VLSQ8,29,,Source: vlsq8.RData; original column: VLSQ8.
IZTECH_S008,meq_type,Moderately morning type,,Derived phenotype measure calculated during source-data preprocessing. Derived MEQ chronotype category. Source: chronotype.RData; original column: meq_type.
IZTECH_S008,meq,60,score,Derived phenotype measure calculated during source-data preprocessing. Calculated Morningness-Eveningness Questionnaire score. Source: chronotype.RData; original column: meq.
IZTECH_S008,msf_sc,14820,seconds after midnight,Derived phenotype measure calculated during source-data preprocessing. Calculated sleep-corrected midpoint of sleep on free days. Source: chronotype.RData; original column: msf_sc.
IZTECH_S008,sjl,0.908333333333333,hours,Derived phenotype measure calculated during source-data preprocessing. Calculated social jetlag. Source: chronotype.RData; original column: sjl.
IZTECH_S008,so_w,84960,seconds after midnight,Derived phenotype measure calculated during source-data preprocessing. Calculated sleep onset on working days. Source: chronotype.RData; original column: so_w.
IZTECH_S008,so_f,1500,seconds after midnight,Derived phenotype measure calculated during source-data preprocessing. Calculated sleep onset on free days. Source: chronotype.RData; original column: so_f.
IZTECH_S008,sd_w,7.4,hours,Derived phenotype measure calculated during source-data preprocessing. Calculated sleep duration on working days. Source: chronotype.RData; original column: sd_w.
IZTECH_S008,sd_f,7.58333333333333,hours,Derived phenotype measure calculated during source-data preprocessing. Calculated sleep duration on free days. Source: chronotype.RData; original column: sd_f.
IZTECH_S008,msw,11880,seconds after midnight,Derived phenotype measure calculated during source-data preprocessing. Calculated midpoint of sleep on working days. Source: chronotype.RData; original column: msw.
IZTECH_S008,msf,15150,seconds after midnight,Derived phenotype measure calculated during source-data preprocessing. Calculated midpoint of sleep on free days. Source: chronotype.RData; original column: msf.
IZTECH_S008,sd_week,7.4,hours,Derived phenotype measure calculated during source-data preprocessing. Calculated average weekly sleep duration. Source: chronotype.RData; original column: sd_week.
IZTECH_S008,outdoor,60,minutes,Derived phenotype measure calculated during source-data preprocessing. Calculated average time spent outside. Source: chronotype.RData; original column: outdoor.
IZTECH_S008,native_language,TRUE,,Source: demographics.RData; original column: native_language.
IZTECH_S008,employment_status,Studying and employed,,Source: demographics.RData; original column: employment_status.
IZTECH_S008,medication,FALSE,,Source: health.RData; original column: medication.
IZTECH_S008,tobacco,FALSE,,Source: health.RData; original column: tobacco.
IZTECH_S008,drugs,FALSE,,Source: health.RData; original column: drugs.
IZTECH_S008,disorder,FALSE,,Source: health.RData; original column: disorder.
IZTECH_S008,gen_health,Good,,Source: health.RData; original column: gen_health.
IZTECH_S008,visual_acuity,I require prescription glasses and/or lenses but I am willing to only wear contact lenses during the experimental week,,Source: health.RData; original column: visual_acuity.
IZTECH_S008,glasses_use,TRUE,,Source: evaluation.RData; original column: glasses_use.
IZTECH_S008,ASE,29,,Source: ase.RData; original column: ASE.
IZTECH_S009,VLSQ8,15,,Source: vlsq8.RData; original column: VLSQ8.
IZTECH_S009,meq_type,Intermediate,,Derived phenotype measure calculated during source-data preprocessing. Derived MEQ chronotype category. Source: chronotype.RData; original column: meq_type.
IZTECH_S009,meq,43,score,Derived phenotype measure calculated during source-data preprocessing. Calculated Morningness-Eveningness Questionnaire score. Source: chronotype.RData; original column: meq.
IZTECH_S009,msf_sc,23078.5714290142,seconds after midnight,Derived phenotype measure calculated during source-data preprocessing. Calculated sleep-corrected midpoint of sleep on free days. Source: chronotype.RData; original column: msf_sc.
IZTECH_S009,sjl,1.25,hours,Derived phenotype measure calculated during source-data preprocessing. Calculated social jetlag. Source: chronotype.RData; original column: sjl.
IZTECH_S009,so_w,4500,seconds after midnight,Derived phenotype measure calculated during source-data preprocessing. Calculated sleep onset on working days. Source: chronotype.RData; original column: so_w.
IZTECH_S009,so_f,8100,seconds after midnight,Derived phenotype measure calculated during source-data preprocessing. Calculated sleep onset on free days. Source: chronotype.RData; original column: so_f.
IZTECH_S009,sd_w,8.25,hours,Derived phenotype measure calculated during source-data preprocessing. Calculated sleep duration on working days. Source: chronotype.RData; original column: sd_w.
IZTECH_S009,sd_f,8.75,hours,Derived phenotype measure calculated during source-data preprocessing. Calculated sleep duration on free days. Source: chronotype.RData; original column: sd_f.
IZTECH_S009,msw,19350,seconds after midnight,Derived phenotype measure calculated during source-data preprocessing. Calculated midpoint of sleep on working days. Source: chronotype.RData; original column: msw.
IZTECH_S009,msf,23850,seconds after midnight,Derived phenotype measure calculated during source-data preprocessing. Calculated midpoint of sleep on free days. Source: chronotype.RData; original column: msf.
IZTECH_S009,sd_week,8.32142857142857,hours,Derived phenotype measure calculated during source-data preprocessing. Calculated average weekly sleep duration. Source: chronotype.RData; original column: sd_week.
IZTECH_S009,outdoor,120,minutes,Derived phenotype measure calculated during source-data preprocessing. Calculated average time spent outside. Source: chronotype.RData; original column: outdoor.
IZTECH_S009,native_language,TRUE,,Source: demographics.RData; original column: native_language.
IZTECH_S009,employment_status,Studying and employed,,Source: demographics.RData; original column: employment_status.
IZTECH_S009,medication,FALSE,,Source: health.RData; original column: medication.
IZTECH_S009,tobacco,FALSE,,Source: health.RData; original column: tobacco.
IZTECH_S009,drugs,FALSE,,Source: health.RData; original column: drugs.
IZTECH_S009,disorder,FALSE,,Source: health.RData; original column: disorder.
IZTECH_S009,gen_health,Excellent,,Source: health.RData; original column: gen_health.
IZTECH_S009,visual_acuity,I do not require prescription glasses and/or contact lenses,,Source: health.RData; original column: visual_acuity.
IZTECH_S009,glasses_use,FALSE,,Source: evaluation.RData; original column: glasses_use.
IZTECH_S009,ASE,29,,Source: ase.RData; original column: ASE.
IZTECH_S010,VLSQ8,30,,Source: vlsq8.RData; original column: VLSQ8.
IZTECH_S010,meq_type,Intermediate,,Derived phenotype measure calculated during source-data preprocessing. Derived MEQ chronotype category. Source: chronotype.RData; original column: meq_type.
IZTECH_S010,meq,52,score,Derived phenotype measure calculated during source-data preprocessing. Calculated Morningness-Eveningness Questionnaire score. Source: chronotype.RData; original column: meq.
IZTECH_S010,msf_sc,21021.4285709858,seconds after midnight,Derived phenotype measure calculated during source-data preprocessing. Calculated sleep-corrected midpoint of sleep on free days. Source: chronotype.RData; original column: msf_sc.
IZTECH_S010,sjl,0.875,hours,Derived phenotype measure calculated during source-data preprocessing. Calculated social jetlag. Source: chronotype.RData; original column: sjl.
IZTECH_S010,so_w,9000,seconds after midnight,Derived phenotype measure calculated during source-data preprocessing. Calculated sleep onset on working days. Source: chronotype.RData; original column: so_w.
IZTECH_S010,so_f,9900,seconds after midnight,Derived phenotype measure calculated during source-data preprocessing. Calculated sleep onset on free days. Source: chronotype.RData; original column: so_f.
IZTECH_S010,sd_w,6,hours,Derived phenotype measure calculated during source-data preprocessing. Calculated sleep duration on working days. Source: chronotype.RData; original column: sd_w.
IZTECH_S010,sd_f,7.25,hours,Derived phenotype measure calculated during source-data preprocessing. Calculated sleep duration on free days. Source: chronotype.RData; original column: sd_f.
IZTECH_S010,msw,19800,seconds after midnight,Derived phenotype measure calculated during source-data preprocessing. Calculated midpoint of sleep on working days. Source: chronotype.RData; original column: msw.
IZTECH_S010,msf,22950,seconds after midnight,Derived phenotype measure calculated during source-data preprocessing. Calculated midpoint of sleep on free days. Source: chronotype.RData; original column: msf.
IZTECH_S010,sd_week,6.17857142857143,hours,Derived phenotype measure calculated during source-data preprocessing. Calculated average weekly sleep duration. Source: chronotype.RData; original column: sd_week.
IZTECH_S010,outdoor,60,minutes,Derived phenotype measure calculated during source-data preprocessing. Calculated average time spent outside. Source: chronotype.RData; original column: outdoor.
IZTECH_S010,native_language,TRUE,,Source: demographics.RData; original column: native_language.
IZTECH_S010,employment_status,Studying and employed,,Source: demographics.RData; original column: employment_status.
IZTECH_S010,medication,TRUE,,Source: health.RData; original column: medication.
IZTECH_S010,tobacco,FALSE,,Source: health.RData; original column: tobacco.
IZTECH_S010,drugs,FALSE,,Source: health.RData; original column: drugs.
IZTECH_S010,disorder,FALSE,,Source: health.RData; original column: disorder.
IZTECH_S010,gen_health,Very good,,Source: health.RData; original column: gen_health.
IZTECH_S010,visual_acuity,I do not require prescription glasses and/or contact lenses,,Source: health.RData; original column: visual_acuity.
IZTECH_S010,glasses_use,FALSE,,Source: evaluation.RData; original column: glasses_use.
IZTECH_S010,ASE,19,,Source: ase.RData; original column: ASE.
IZTECH_S011,VLSQ8,27,,Source: vlsq8.RData; original column: VLSQ8.
IZTECH_S011,meq_type,Intermediate,,Derived phenotype measure calculated during source-data preprocessing. Derived MEQ chronotype category. Source: chronotype.RData; original column: meq_type.
IZTECH_S011,meq,52,score,Derived phenotype measure calculated during source-data preprocessing. Calculated Morningness-Eveningness Questionnaire score. Source: chronotype.RData; original column: meq.
IZTECH_S011,msf_sc,19757.1428569555,seconds after midnight,Derived phenotype measure calculated during source-data preprocessing. Calculated sleep-corrected midpoint of sleep on free days. Source: chronotype.RData; original column: msf_sc.
IZTECH_S011,sjl,0.916666666666667,hours,Derived phenotype measure calculated during source-data preprocessing. Calculated social jetlag. Source: chronotype.RData; original column: sjl.
IZTECH_S011,so_w,6000,seconds after midnight,Derived phenotype measure calculated during source-data preprocessing. Calculated sleep onset on working days. Source: chronotype.RData; original column: so_w.
IZTECH_S011,so_f,8400,seconds after midnight,Derived phenotype measure calculated during source-data preprocessing. Calculated sleep onset on free days. Source: chronotype.RData; original column: so_f.
IZTECH_S011,sd_w,6.16666666666667,hours,Derived phenotype measure calculated during source-data preprocessing. Calculated sleep duration on working days. Source: chronotype.RData; original column: sd_w.
IZTECH_S011,sd_f,6.66666666666667,hours,Derived phenotype measure calculated during source-data preprocessing. Calculated sleep duration on free days. Source: chronotype.RData; original column: sd_f.
IZTECH_S011,msw,17100,seconds after midnight,Derived phenotype measure calculated during source-data preprocessing. Calculated midpoint of sleep on working days. Source: chronotype.RData; original column: msw.
IZTECH_S011,msf,20400,seconds after midnight,Derived phenotype measure calculated during source-data preprocessing. Calculated midpoint of sleep on free days. Source: chronotype.RData; original column: msf.
IZTECH_S011,sd_week,6.30952380952381,hours,Derived phenotype measure calculated during source-data preprocessing. Calculated average weekly sleep duration. Source: chronotype.RData; original column: sd_week.
IZTECH_S011,outdoor,565.714285714286,minutes,Derived phenotype measure calculated during source-data preprocessing. Calculated average time spent outside. Source: chronotype.RData; original column: outdoor.
IZTECH_S011,native_language,TRUE,,Source: demographics.RData; original column: native_language.
IZTECH_S011,employment_status,Full time employed,,Source: demographics.RData; original column: employment_status.
IZTECH_S011,medication,FALSE,,Source: health.RData; original column: medication.
IZTECH_S011,tobacco,FALSE,,Source: health.RData; original column: tobacco.
IZTECH_S011,drugs,FALSE,,Source: health.RData; original column: drugs.
IZTECH_S011,disorder,FALSE,,Source: health.RData; original column: disorder.
IZTECH_S011,gen_health,Very good,,Source: health.RData; original column: gen_health.
IZTECH_S011,visual_acuity,I do not require prescription glasses and/or contact lenses,,Source: health.RData; original column: visual_acuity.
IZTECH_S011,glasses_use,TRUE,,Source: evaluation.RData; original column: glasses_use.
IZTECH_S011,ASE,26,,Source: ase.RData; original column: ASE.
IZTECH_S012,VLSQ8,17,,Source: vlsq8.RData; original column: VLSQ8.
IZTECH_S012,meq_type,Intermediate,,Derived phenotype measure calculated during source-data preprocessing. Derived MEQ chronotype category. Source: chronotype.RData; original column: meq_type.
IZTECH_S012,meq,44,score,Derived phenotype measure calculated during source-data preprocessing. Calculated Morningness-Eveningness Questionnaire score. Source: chronotype.RData; original column: meq.
IZTECH_S012,msf_sc,19714.2857140303,seconds after midnight,Derived phenotype measure calculated during source-data preprocessing. Calculated sleep-corrected midpoint of sleep on free days. Source: chronotype.RData; original column: msf_sc.
IZTECH_S012,sjl,0.625,hours,Derived phenotype measure calculated during source-data preprocessing. Calculated social jetlag. Source: chronotype.RData; original column: sjl.
IZTECH_S012,so_w,4200,seconds after midnight,Derived phenotype measure calculated during source-data preprocessing. Calculated sleep onset on working days. Source: chronotype.RData; original column: so_w.
IZTECH_S012,so_f,6000,seconds after midnight,Derived phenotype measure calculated during source-data preprocessing. Calculated sleep onset on free days. Source: chronotype.RData; original column: so_f.
IZTECH_S012,sd_w,7.58333333333333,hours,Derived phenotype measure calculated during source-data preprocessing. Calculated sleep duration on working days. Source: chronotype.RData; original column: sd_w.
IZTECH_S012,sd_f,7.83333333333333,hours,Derived phenotype measure calculated during source-data preprocessing. Calculated sleep duration on free days. Source: chronotype.RData; original column: sd_f.
IZTECH_S012,msw,17850,seconds after midnight,Derived phenotype measure calculated during source-data preprocessing. Calculated midpoint of sleep on working days. Source: chronotype.RData; original column: msw.
IZTECH_S012,msf,20100,seconds after midnight,Derived phenotype measure calculated during source-data preprocessing. Calculated midpoint of sleep on free days. Source: chronotype.RData; original column: msf.
IZTECH_S012,sd_week,7.61904761904762,hours,Derived phenotype measure calculated during source-data preprocessing. Calculated average weekly sleep duration. Source: chronotype.RData; original column: sd_week.
IZTECH_S012,outdoor,85.7142857142857,minutes,Derived phenotype measure calculated during source-data preprocessing. Calculated average time spent outside. Source: chronotype.RData; original column: outdoor.
IZTECH_S012,native_language,TRUE,,Source: demographics.RData; original column: native_language.
IZTECH_S012,employment_status,Studying and employed,,Source: demographics.RData; original column: employment_status.
IZTECH_S012,medication,TRUE,,Source: health.RData; original column: medication.
IZTECH_S012,tobacco,FALSE,,Source: health.RData; original column: tobacco.
IZTECH_S012,drugs,FALSE,,Source: health.RData; original column: drugs.
IZTECH_S012,disorder,FALSE,,Source: health.RData; original column: disorder.
IZTECH_S012,gen_health,Very good,,Source: health.RData; original column: gen_health.
IZTECH_S012,visual_acuity,I require prescription glasses and/or lenses and I will need to wear glasses during the experimental week,,Source: health.RData; original column: visual_acuity.
IZTECH_S012,glasses_use,TRUE,,Source: evaluation.RData; original column: glasses_use.
IZTECH_S012,ASE,29,,Source: ase.RData; original column: ASE.
IZTECH_S013,VLSQ8,27,,Source: vlsq8.RData; original column: VLSQ8.
IZTECH_S013,meq_type,Definitely evening type,,Derived phenotype measure calculated during source-data preprocessing. Derived MEQ chronotype category. Source: chronotype.RData; original column: meq_type.
IZTECH_S013,meq,30,score,Derived phenotype measure calculated during source-data preprocessing. Calculated Morningness-Eveningness Questionnaire score. Source: chronotype.RData; original column: meq.
IZTECH_S013,msf_sc,25500,seconds after midnight,Derived phenotype measure calculated during source-data preprocessing. Calculated sleep-corrected midpoint of sleep on free days. Source: chronotype.RData; original column: msf_sc.
IZTECH_S013,sjl,1.95,hours,Derived phenotype measure calculated during source-data preprocessing. Calculated social jetlag. Source: chronotype.RData; original column: sjl.
IZTECH_S013,so_w,6960,seconds after midnight,Derived phenotype measure calculated during source-data preprocessing. Calculated sleep onset on working days. Source: chronotype.RData; original column: so_w.
IZTECH_S013,so_f,12300,seconds after midnight,Derived phenotype measure calculated during source-data preprocessing. Calculated sleep onset on free days. Source: chronotype.RData; original column: so_f.
IZTECH_S013,sd_w,7.06666666666667,hours,Derived phenotype measure calculated during source-data preprocessing. Calculated sleep duration on working days. Source: chronotype.RData; original column: sd_w.
IZTECH_S013,sd_f,8,hours,Derived phenotype measure calculated during source-data preprocessing. Calculated sleep duration on free days. Source: chronotype.RData; original column: sd_f.
IZTECH_S013,msw,19680,seconds after midnight,Derived phenotype measure calculated during source-data preprocessing. Calculated midpoint of sleep on working days. Source: chronotype.RData; original column: msw.
IZTECH_S013,msf,26700,seconds after midnight,Derived phenotype measure calculated during source-data preprocessing. Calculated midpoint of sleep on free days. Source: chronotype.RData; original column: msf.
IZTECH_S013,sd_week,7.33333333333333,hours,Derived phenotype measure calculated during source-data preprocessing. Calculated average weekly sleep duration. Source: chronotype.RData; original column: sd_week.
IZTECH_S013,outdoor,282.857142857143,minutes,Derived phenotype measure calculated during source-data preprocessing. Calculated average time spent outside. Source: chronotype.RData; original column: outdoor.
IZTECH_S013,native_language,TRUE,,Source: demographics.RData; original column: native_language.
IZTECH_S013,employment_status,Part time employed,,Source: demographics.RData; original column: employment_status.
IZTECH_S013,medication,TRUE,,Source: health.RData; original column: medication.
IZTECH_S013,tobacco,FALSE,,Source: health.RData; original column: tobacco.
IZTECH_S013,drugs,FALSE,,Source: health.RData; original column: drugs.
IZTECH_S013,disorder,FALSE,,Source: health.RData; original column: disorder.
IZTECH_S013,gen_health,Good,,Source: health.RData; original column: gen_health.
IZTECH_S013,visual_acuity,I do not require prescription glasses and/or contact lenses,,Source: health.RData; original column: visual_acuity.
IZTECH_S013,glasses_use,FALSE,,Source: evaluation.RData; original column: glasses_use.
IZTECH_S013,ASE,27,,Source: ase.RData; original column: ASE.
IZTECH_S014,VLSQ8,20,,Source: vlsq8.RData; original column: VLSQ8.
IZTECH_S014,meq_type,Intermediate,,Derived phenotype measure calculated during source-data preprocessing. Derived MEQ chronotype category. Source: chronotype.RData; original column: meq_type.
IZTECH_S014,meq,56,score,Derived phenotype measure calculated during source-data preprocessing. Calculated Morningness-Eveningness Questionnaire score. Source: chronotype.RData; original column: meq.
IZTECH_S014,msf_sc,13200,seconds after midnight,Derived phenotype measure calculated during source-data preprocessing. Calculated sleep-corrected midpoint of sleep on free days. Source: chronotype.RData; original column: msf_sc.
IZTECH_S014,sjl,0.5,hours,Derived phenotype measure calculated during source-data preprocessing. Calculated social jetlag. Source: chronotype.RData; original column: sjl.
IZTECH_S014,so_w,84600,seconds after midnight,Derived phenotype measure calculated during source-data preprocessing. Calculated sleep onset on working days. Source: chronotype.RData; original column: so_w.
IZTECH_S014,so_f,1800,seconds after midnight,Derived phenotype measure calculated during source-data preprocessing. Calculated sleep onset on free days. Source: chronotype.RData; original column: so_f.
IZTECH_S014,sd_w,7.33333333333333,hours,Derived phenotype measure calculated during source-data preprocessing. Calculated sleep duration on working days. Source: chronotype.RData; original column: sd_w.
IZTECH_S014,sd_f,6.33333333333333,hours,Derived phenotype measure calculated during source-data preprocessing. Calculated sleep duration on free days. Source: chronotype.RData; original column: sd_f.
IZTECH_S014,msw,11400,seconds after midnight,Derived phenotype measure calculated during source-data preprocessing. Calculated midpoint of sleep on working days. Source: chronotype.RData; original column: msw.
IZTECH_S014,msf,13200,seconds after midnight,Derived phenotype measure calculated during source-data preprocessing. Calculated midpoint of sleep on free days. Source: chronotype.RData; original column: msf.
IZTECH_S014,sd_week,7.04761904761905,hours,Derived phenotype measure calculated during source-data preprocessing. Calculated average weekly sleep duration. Source: chronotype.RData; original column: sd_week.
IZTECH_S014,outdoor,60,minutes,Derived phenotype measure calculated during source-data preprocessing. Calculated average time spent outside. Source: chronotype.RData; original column: outdoor.
IZTECH_S014,native_language,TRUE,,Source: demographics.RData; original column: native_language.
IZTECH_S014,employment_status,Part time employed,,Source: demographics.RData; original column: employment_status.
IZTECH_S014,medication,FALSE,,Source: health.RData; original column: medication.
IZTECH_S014,tobacco,FALSE,,Source: health.RData; original column: tobacco.
IZTECH_S014,drugs,FALSE,,Source: health.RData; original column: drugs.
IZTECH_S014,disorder,FALSE,,Source: health.RData; original column: disorder.
IZTECH_S014,gen_health,Good,,Source: health.RData; original column: gen_health.
IZTECH_S014,visual_acuity,I require prescription glasses and/or lenses and I will need to wear glasses during the experimental week,,Source: health.RData; original column: visual_acuity.
IZTECH_S014,glasses_use,TRUE,,Source: evaluation.RData; original column: glasses_use.
IZTECH_S014,ASE,22,,Source: ase.RData; original column: ASE.
IZTECH_S015,VLSQ8,29,,Source: vlsq8.RData; original column: VLSQ8.
IZTECH_S015,meq_type,Moderately evening type,,Derived phenotype measure calculated during source-data preprocessing. Derived MEQ chronotype category. Source: chronotype.RData; original column: meq_type.
IZTECH_S015,meq,34,score,Derived phenotype measure calculated during source-data preprocessing. Calculated Morningness-Eveningness Questionnaire score. Source: chronotype.RData; original column: meq.
IZTECH_S015,msf_sc,22500,seconds after midnight,Derived phenotype measure calculated during source-data preprocessing. Calculated sleep-corrected midpoint of sleep on free days. Source: chronotype.RData; original column: msf_sc.
IZTECH_S015,sjl,2.41666666666667,hours,Derived phenotype measure calculated during source-data preprocessing. Calculated social jetlag. Source: chronotype.RData; original column: sjl.
IZTECH_S015,so_w,84600,seconds after midnight,Derived phenotype measure calculated during source-data preprocessing. Calculated sleep onset on working days. Source: chronotype.RData; original column: so_w.
IZTECH_S015,so_f,4800,seconds after midnight,Derived phenotype measure calculated during source-data preprocessing. Calculated sleep onset on free days. Source: chronotype.RData; original column: so_f.
IZTECH_S015,sd_w,9.5,hours,Derived phenotype measure calculated during source-data preprocessing. Calculated sleep duration on working days. Source: chronotype.RData; original column: sd_w.
IZTECH_S015,sd_f,10.6666666666667,hours,Derived phenotype measure calculated during source-data preprocessing. Calculated sleep duration on free days. Source: chronotype.RData; original column: sd_f.
IZTECH_S015,msw,15300,seconds after midnight,Derived phenotype measure calculated during source-data preprocessing. Calculated midpoint of sleep on working days. Source: chronotype.RData; original column: msw.
IZTECH_S015,msf,24000,seconds after midnight,Derived phenotype measure calculated during source-data preprocessing. Calculated midpoint of sleep on free days. Source: chronotype.RData; original column: msf.
IZTECH_S015,sd_week,9.83333333333333,hours,Derived phenotype measure calculated during source-data preprocessing. Calculated average weekly sleep duration. Source: chronotype.RData; original column: sd_week.
IZTECH_S015,outdoor,150.714285714286,minutes,Derived phenotype measure calculated during source-data preprocessing. Calculated average time spent outside. Source: chronotype.RData; original column: outdoor.
IZTECH_S015,native_language,TRUE,,Source: demographics.RData; original column: native_language.
IZTECH_S015,employment_status,Full time employed,,Source: demographics.RData; original column: employment_status.
IZTECH_S015,medication,FALSE,,Source: health.RData; original column: medication.
IZTECH_S015,tobacco,FALSE,,Source: health.RData; original column: tobacco.
IZTECH_S015,drugs,FALSE,,Source: health.RData; original column: drugs.
IZTECH_S015,disorder,FALSE,,Source: health.RData; original column: disorder.
IZTECH_S015,gen_health,Fair,,Source: health.RData; original column: gen_health.
IZTECH_S015,visual_acuity,I do not require prescription glasses and/or contact lenses,,Source: health.RData; original column: visual_acuity.
IZTECH_S015,glasses_use,FALSE,,Source: evaluation.RData; original column: glasses_use.
IZTECH_S015,ASE,29,,Source: ase.RData; original column: ASE.
IZTECH_S016,VLSQ8,31,,Source: vlsq8.RData; original column: VLSQ8.
IZTECH_S016,meq_type,Moderately morning type,,Derived phenotype measure calculated during source-data preprocessing. Derived MEQ chronotype category. Source: chronotype.RData; original column: meq_type.
IZTECH_S016,meq,62,score,Derived phenotype measure calculated during source-data preprocessing. Calculated Morningness-Eveningness Questionnaire score. Source: chronotype.RData; original column: meq.
IZTECH_S016,msf_sc,18450,seconds after midnight,Derived phenotype measure calculated during source-data preprocessing. Calculated sleep-corrected midpoint of sleep on free days. Source: chronotype.RData; original column: msf_sc.
IZTECH_S016,sjl,0.916666666666667,hours,Derived phenotype measure calculated during source-data preprocessing. Calculated social jetlag. Source: chronotype.RData; original column: sjl.
IZTECH_S016,so_w,1200,seconds after midnight,Derived phenotype measure calculated during source-data preprocessing. Calculated sleep onset on working days. Source: chronotype.RData; original column: so_w.
IZTECH_S016,so_f,4500,seconds after midnight,Derived phenotype measure calculated during source-data preprocessing. Calculated sleep onset on free days. Source: chronotype.RData; original column: so_f.
IZTECH_S016,sd_w,7.75,hours,Derived phenotype measure calculated during source-data preprocessing. Calculated sleep duration on working days. Source: chronotype.RData; original column: sd_w.
IZTECH_S016,sd_f,7.75,hours,Derived phenotype measure calculated during source-data preprocessing. Calculated sleep duration on free days. Source: chronotype.RData; original column: sd_f.
IZTECH_S016,msw,15150,seconds after midnight,Derived phenotype measure calculated during source-data preprocessing. Calculated midpoint of sleep on working days. Source: chronotype.RData; original column: msw.
IZTECH_S016,msf,18450,seconds after midnight,Derived phenotype measure calculated during source-data preprocessing. Calculated midpoint of sleep on free days. Source: chronotype.RData; original column: msf.
IZTECH_S016,sd_week,7.75,hours,Derived phenotype measure calculated during source-data preprocessing. Calculated average weekly sleep duration. Source: chronotype.RData; original column: sd_week.
IZTECH_S016,outdoor,248.571428571429,minutes,Derived phenotype measure calculated during source-data preprocessing. Calculated average time spent outside. Source: chronotype.RData; original column: outdoor.
IZTECH_S016,native_language,TRUE,,Source: demographics.RData; original column: native_language.
IZTECH_S016,employment_status,Full time employed,,Source: demographics.RData; original column: employment_status.
IZTECH_S016,medication,FALSE,,Source: health.RData; original column: medication.
IZTECH_S016,tobacco,FALSE,,Source: health.RData; original column: tobacco.
IZTECH_S016,drugs,FALSE,,Source: health.RData; original column: drugs.
IZTECH_S016,disorder,FALSE,,Source: health.RData; original column: disorder.
IZTECH_S016,gen_health,Good,,Source: health.RData; original column: gen_health.
IZTECH_S016,visual_acuity,I require prescription glasses and/or lenses and I will need to wear glasses during the experimental week,,Source: health.RData; original column: visual_acuity.
IZTECH_S016,glasses_use,TRUE,,Source: evaluation.RData; original column: glasses_use.
IZTECH_S016,ASE,25,,Source: ase.RData; original column: ASE.
IZTECH_S017,VLSQ8,30,,Source: vlsq8.RData; original column: VLSQ8.
IZTECH_S017,meq_type,Intermediate,,Derived phenotype measure calculated during source-data preprocessing. Derived MEQ chronotype category. Source: chronotype.RData; original column: meq_type.
IZTECH_S017,meq,49,score,Derived phenotype measure calculated during source-data preprocessing. Calculated Morningness-Eveningness Questionnaire score. Source: chronotype.RData; original column: meq.
IZTECH_S017,msf_sc,21385.7142859697,seconds after midnight,Derived phenotype measure calculated during source-data preprocessing. Calculated sleep-corrected midpoint of sleep on free days. Source: chronotype.RData; original column: msf_sc.
IZTECH_S017,sjl,1.08333333333333,hours,Derived phenotype measure calculated during source-data preprocessing. Calculated social jetlag. Source: chronotype.RData; original column: sjl.
IZTECH_S017,so_w,5400,seconds after midnight,Derived phenotype measure calculated during source-data preprocessing. Calculated sleep onset on working days. Source: chronotype.RData; original column: so_w.
IZTECH_S017,so_f,9000,seconds after midnight,Derived phenotype measure calculated during source-data preprocessing. Calculated sleep onset on free days. Source: chronotype.RData; original column: so_f.
IZTECH_S017,sd_w,6.83333333333333,hours,Derived phenotype measure calculated during source-data preprocessing. Calculated sleep duration on working days. Source: chronotype.RData; original column: sd_w.
IZTECH_S017,sd_f,7,hours,Derived phenotype measure calculated during source-data preprocessing. Calculated sleep duration on free days. Source: chronotype.RData; original column: sd_f.
IZTECH_S017,msw,17700,seconds after midnight,Derived phenotype measure calculated during source-data preprocessing. Calculated midpoint of sleep on working days. Source: chronotype.RData; original column: msw.
IZTECH_S017,msf,21600,seconds after midnight,Derived phenotype measure calculated during source-data preprocessing. Calculated midpoint of sleep on free days. Source: chronotype.RData; original column: msf.
IZTECH_S017,sd_week,6.88095238095238,hours,Derived phenotype measure calculated during source-data preprocessing. Calculated average weekly sleep duration. Source: chronotype.RData; original column: sd_week.
IZTECH_S017,outdoor,80,minutes,Derived phenotype measure calculated during source-data preprocessing. Calculated average time spent outside. Source: chronotype.RData; original column: outdoor.
IZTECH_S017,native_language,TRUE,,Source: demographics.RData; original column: native_language.
IZTECH_S017,employment_status,Studying and employed,,Source: demographics.RData; original column: employment_status.
IZTECH_S017,medication,TRUE,,Source: health.RData; original column: medication.
IZTECH_S017,tobacco,FALSE,,Source: health.RData; original column: tobacco.
IZTECH_S017,drugs,FALSE,,Source: health.RData; original column: drugs.
IZTECH_S017,disorder,FALSE,,Source: health.RData; original column: disorder.
IZTECH_S017,gen_health,Very good,,Source: health.RData; original column: gen_health.
IZTECH_S017,visual_acuity,I require prescription glasses and/or lenses and I will need to wear glasses during the experimental week,,Source: health.RData; original column: visual_acuity.
IZTECH_S017,glasses_use,TRUE,,Source: evaluation.RData; original column: glasses_use.
IZTECH_S017,ASE,30,,Source: ase.RData; original column: ASE.
