participant_internal_id,participant_age,participant_sex,participant_gender
IZTECH_S001,27,Female,Woman
IZTECH_S002,24,Female,Woman
IZTECH_S003,23,Female,Woman
IZTECH_S004,25,Female,Woman
IZTECH_S005,25,Female,Woman
IZTECH_S006,29,Male,Man
IZTECH_S007,23,Male,Man
IZTECH_S008,23,Female,Woman
IZTECH_S009,32,Female,Woman
IZTECH_S010,26,Female,Woman
IZTECH_S011,22,Male,Man
IZTECH_S012,24,Male,Man
IZTECH_S013,23,Female,Woman
IZTECH_S014,21,Male,Man
IZTECH_S015,27,Female,Woman
IZTECH_S016,24,Male,Man
IZTECH_S017,21,Female,Woman
