"Id","start","state","duration","end","wearlog_event","reason","wearlog_type","radius","wearlog_bp","wearlog_bag","wearlog_place","wearlog_motion","wearlog_place_english"
"IZTECH_S014","2025-04-28 23:11:00","sleep",560,"2025-04-29 08:31:00","Taking the light glasses off and placing them on nightstand following the instructions before sleep",,"Current event",,,,,,
"IZTECH_S014","2025-04-29 11:03:00","off",27,"2025-04-29 11:30:00","Taking the light glasses off","Activity involving contact with water (e.g., showering or bathing)","Current event",,,0,"çalışma masası",0,"desk"
"IZTECH_S014","2025-04-30 01:02:00","sleep",451,"2025-04-30 08:33:00","Taking the light glasses off and placing them on nightstand following the instructions before sleep",,"Current event",,,,,,
"IZTECH_S014","2025-04-30 20:57:00","off",61,"2025-04-30 21:58:00","Taking the light glasses off","Other (please specify)","Current event",,,0,"Baş ucundaki komidinde, 1 saat kestirmek üzere.",0,"On the bedside nightstand, to take a nap for 1 hour."
"IZTECH_S014","2025-04-30 23:11:00","sleep",651,"2025-05-01 10:02:00","Taking the light glasses off and placing them on nightstand following the instructions before sleep",,"Current event",,,,,,
"IZTECH_S014","2025-05-01 17:41:00","off",176,"2025-05-01 20:37:00","Taking the light glasses off","Other (please specify)","Current event",,,0,"Baş ucundaki komidin, 1 saat kestirmek için",0,"On the bedside nightstand, to take a nap for 1 hour."
"IZTECH_S014","2025-05-01 23:23:00","sleep",573,"2025-05-02 08:56:00","Taking the light glasses off and placing them on nightstand following the instructions before sleep",,"Current event",,,,,,
"IZTECH_S014","2025-05-02 10:15:00","off",69,"2025-05-02 11:24:00","Taking the light glasses off","Activity involving contact with water (e.g., showering or bathing)","Current event",,,0,"Baş ucundaki komidin",0,"The bedside nightstand"
"IZTECH_S014","2025-05-02 13:55:00","off",65,"2025-05-02 15:00:00","Taking the light glasses off","Sport activity","Current event",,,0,"Spor yaptığım yerdeki yandaki komidin",0,"The side table next to me where I work out"
"IZTECH_S014","2025-05-02 23:44:00","sleep",561,"2025-05-03 09:05:00","Taking the light glasses off and placing them on nightstand following the instructions before sleep",,"Current event",,,,,,
"IZTECH_S014","2025-05-03 12:19:00","off",49,"2025-05-03 13:08:00","Taking the light glasses off","Discomfort due to wearing the light glasses (e.g. disturbance to eye sight or pain due to weight)","Current event",,,0,"Hemen yanımda, aynı ışığa maruzuz",1,"Right next to me, we are exposed to the same light"
"IZTECH_S014","2025-05-03 13:54:00","off",39,"2025-05-03 14:33:00","Taking the light glasses off","Sport activity","Current event",,,0,"Spor yaptığım yerde yanımda",0,"With me at the place where I do sports"
"IZTECH_S014","2025-05-03 16:41:00","off",41,"2025-05-03 17:22:00","Taking the light glasses off","Discomfort due to wearing the light glasses (e.g. disturbance to eye sight or pain due to weight)","Current event",,,0,"Hemen yanımda, açık ışığı görmekte",1,"Right next to me, it is not covered and it is exposed to the light"
"IZTECH_S014","2025-05-04 01:36:00","sleep",510,"2025-05-04 10:06:00","Taking the light glasses off and placing them on nightstand following the instructions before sleep",,"Current event",,,,,,
"IZTECH_S014","2025-05-04 23:40:00","sleep",550,"2025-05-05 08:50:00","Taking the light glasses off and placing them on nightstand following the instructions before sleep",,"Current event",,,,,,
