"Id","Datetime","is_past","exp_time","type","location","loc_spec","descr","feedback","identity","identity_spec","social_type","removal","future_use","loc_spec_english","descr_english","identity_spec_english","future_use_english"
"IZTECH_S012","2025-04-21 16:00:00","past",2,2,2,,"Cihaz kayıt işlemlerinin 75 süreceği konusunda katılımcılar çok net bir şekilde bilgilendirilmeli. Böylece geçen zamana dayalı duygu değişimlerinin önüne geçilebilir",FALSE,,,,FALSE,"-",,"Participants should be clearly informed that the device registration process will take 75 minutes. In this way, emotional changes related to the passage of time can be prevented.",,"-"
"IZTECH_S012","2025-04-21 19:32:00","current",1,2,3,,"Kendimi cyborg gibi hissediyorum :D Bu kadar çok sensör ile dolaşmak acayip hissettiriyor. Herkes bana bakıyor ve anlam vermeye çalışıyor. Demin köyde Dr. Musa ile karşılaştım ve bana pis pis bakıp ""My trouble"" dedi",TRUE,3,,1,FALSE,"Sanırım bu cihazı kullanmak baya havalı",,"I feel like a cyborg :D Walking around with so many sensors feels weird. Everyone is looking at me and trying to make sense of it. I just bumped into Dr. Musa in the village and he gave me a dirty look, saying 'My trouble'.",,"I think using this device is pretty cool."
"IZTECH_S012","2025-04-22 17:00:00","past",2,3,2,"Uygula","Günlük hayattaki yaşadıklarımdan dolayı stabil bir duygu durumuna sahip değilim. Duygu durumu kaydı yaparken verilerin anonim toplanmaması, ne kadar dürüst bir şekilde formu doldurmam konusunda endişe yaratıyor",FALSE,,,,FALSE,"etkilemeyecek","Practice","Due to what I experience in daily life, I do not have a stable mood. The fact that the data collected while logging my mood is not anonymous makes me worried about how honestly I fill out the form.",,"It will not affect"
"IZTECH_S012","2025-04-22 20:00:00","past",2,3,2,,"Cihaz uzun kulanım için bir tık ağır (çünkü gözlüğümün ağırlığı normaldekinin 3 katına çıkıyor). Taktıktan 8-10 saat geçtikten sonra hafif acı verdiğinden çıkartma ihtiyacı hissediyorum veya gözlük yavaşça öne doğru kaymaya başlıyor. Kulanıcı açısından, sensörlerin gözlüğe monte edilmesi yerine ""kafa bandı kamera"" gibi bir aparatla kullanılması daha mantıklı bir seçenek olabilir.",FALSE,,,,FALSE,"Kaymayı önlemek için gözlük ""nose pads"" kısımlarını sterilize edebilirim",,"The device is a bit heavy for long-term use (because the weight of my glasses triples). After wearing it for 8-10 hours, I feel a slight pain and the need to take it off, or the glasses slowly start sliding forward. From the user perspective, instead of the sensors being mounted on the glasses, it might be more logical to use them with a headband camera-like apparatus.",,"I could sterilize the nose pads of the glasses to prevent them from slipping."
"IZTECH_S012","2025-04-23 21:28:00","current",1,2,2,,"""Kestirmek"". Kısa süreli uyku için koltuğa uzandım ancak bu durumu nereye raporlamalıyım, seçenek yok🙈",FALSE,,,,TRUE,"her kestirdiğimde aklım Melidos projesini sabote edip etmediğimde olacak (yani kestiremeyeceğim)",,"I took a short nap. I laid down on the couch for a short sleep, but I don't know where to report this; there is no option.🙈",,"Every time I take a nap, I will wonder whether I am sabotaging the Melidos project, so I probably won't be able to nap."
"IZTECH_S012","2025-04-23 21:46:00","current",1,2,2,,"Kestirme sürelerini de uykudan sayıyor muyuz? bu konu hakkında bilgilendirme yapılmadığı için cihazın uykuya geçiş butonuna basmadım",FALSE,,,,FALSE,"-",,"Do we also count nap times as sleep? Since I was not informed about this issue, I did not press the device's sleep button when taking a nap.",,"-"
"IZTECH_S012","2025-04-23 22:10:00","current",1,3,2,,"Gün sonu ışık maruziyeti günlüğünde ışık kaynağı ve aktiviteleri paylaşırken açık olmazsam deneye dair verileri sabote etmiş olurum (ki bunu asla yapmayacağım) ancak öteki türlü de hayatıma dair çok fazla detay paylaştığım için ister istemez kendimi gergin hissediyorum. Data, anonim bir şekilde toplanmalı",FALSE,,,,FALSE,"Tam gaz devam",,"While sharing the light source and activities in the end-of-day light exposure diary, if I am not clear, I would be sabotaging the data for the experiment (which I would never do); but on the other hand, since I share too many details about my life, I inevitably feel tense. The data should be collected anonymously.",,"I will continue at full speed."
"IZTECH_S012","2025-04-23 22:12:00","current",1,3,2,,"Deneyin ciddiyeti ile ilgili, deneyin tanıtımında (kapıya asılan afişler vb.) daha fazla bilgilendirme yapılmalı (bkz: gün içerisinde toplam 5-6 zorunlu anket olduğu, akşam formlarının doldurulması gerektiği, cihaza dair her işlemin rapor edilmesi gerektiği ve cihaz ile ilgili yorumların düzenli paylaşılması). Deney daha cazip hale getirilmeli. Bu deney ""minimum"" 3000 tl'yi hak ediyor",FALSE,,,,FALSE,"Sizin için ne gerekiyorsa yapmaya devam edeceğim",,"Regarding the seriousness of the experiment, more information should be provided in the promotion of the experiment (e.g., posters on the door etc.). (e.g.: there are a total of 5-6 mandatory surveys during the day, the evening forms must be filled, every operation with the device must be reported, and comments about the device should be shared regularly). The experiment should be made more attractive. This experiment deserves at least 3000 TL.",,"I will continue to do whatever is necessary for you."
"IZTECH_S012","2025-04-24 10:39:00","current",1,3,1,,"cihazın butonuna basıyorum ancak uyandığımda ve uyuduğumda birebir aynı (kırmızı renkli) sinyal vermesi, ""şu anda cihazı doğru ayarladım mı?"" kuşkusu oluşturuyor",FALSE,,,,FALSE,"umarım her şey yolundadır",,"I press the button on the device, but when I wake up and when I go to sleep it gives the exact same (red) signal, which makes me doubt, 'did I set up the device correctly?'.",,"I hope everything is fine."
"IZTECH_S012","2025-04-24 14:55:00","past",2,1,2,,"Muse hoca bana derste ""beş göz"" diye hitap ediyor ve sensörümü SarsCov2-Spike proteine benzetti. Ayrıca sürekli ""video kayıtlarını sil"" diyor",TRUE,5,"Muse Oke",3,FALSE,"Muse OKE'ye gözükmemeye çalışacağım (içten içe kıskandığını biliyorum)",,"Professor Muse calls me ""five eyes"" in class and compares my sensor to the SARS-CoV-2 Spike protein. He also keeps telling me to delete the video recordings.","Muse Oke","I’ll try not to be seen by Muse OKE (I know deep down he’s jealous)."
"IZTECH_S012","2025-04-24 16:54:00","current",1,3,2,,"Düne ait gündüz uyku günlüğümü kaydetmeyi unuttum. Ne zaman kalktım ne yaptım aklımda ancak geçmiş zamanda olan bir rapor olduğundan şu anda sisteme kaydedemiyorum",FALSE,,,,FALSE,"-",,"I forgot to record my daytime sleep diary for that day. I remember when I woke up and what I did, but since it's a report from the past, I cannot enter it into the system now.",,"-"
"IZTECH_S012","2025-04-25 08:44:00","current",1,3,1,,"Cihazın butonuna bastım ancak cihaza ""uyuyorum"" moduna mı aldım yoksa ""uyandım"" moduna mı aldım o kadar bilmiyorum ki... Rus ruleti gibi",FALSE,,,,FALSE,"Sabahları uyanığım 😅 en kötü ayarlarsınız",,"I pressed the button on the device, but I have no idea if I set it to 'sleep' mode or 'wake up' mode... It's like Russian roulette.",,"I am awake in the mornings 😅 worst case, you can set it up."
