"Id","Datetime","currentlight","check_mixedlight","additional_light","anxious","elated","sad","angry","irritable","energetic","kss","enddate_4"
"IZTECH_S004","2025-01-20 14:43:50",1,TRUE,5,1,3,1,1,2,3,1,"2025-01-20 14:45:20"
"IZTECH_S004","2025-01-20 17:26:24",1,TRUE,5,1,3,1,1,1,5,2,"2025-01-20 17:27:42"
"IZTECH_S004","2025-01-20 20:22:14",1,TRUE,5,1,2,1,1,1,3,3,"2025-01-20 20:23:01"
"IZTECH_S004","2025-01-21 12:23:49",1,TRUE,5,1,1,1,1,2,2,6,"2025-01-21 12:24:34"
"IZTECH_S004","2025-01-21 17:50:01",1,TRUE,5,1,3,1,1,1,4,3,"2025-01-21 17:51:29"
"IZTECH_S004","2025-01-21 20:10:16",1,TRUE,5,1,2,1,1,1,3,3,"2025-01-21 20:10:54"
"IZTECH_S004","2025-01-22 09:20:20",5,TRUE,3,1,1,1,1,2,1,6,"2025-01-22 09:21:43"
"IZTECH_S004","2025-01-22 11:06:54",1,TRUE,5,1,2,1,1,2,3,3,"2025-01-22 11:07:47"
"IZTECH_S004","2025-01-22 14:10:08",4,TRUE,5,1,3,1,1,1,4,3,"2025-01-22 14:11:00"
"IZTECH_S004","2025-01-22 17:37:42",3,TRUE,5,1,2,1,1,1,4,3,"2025-01-22 17:38:35"
"IZTECH_S004","2025-01-22 20:08:32",1,TRUE,5,1,3,1,1,2,4,2,"2025-01-22 20:10:29"
"IZTECH_S004","2025-01-23 09:25:37",3,TRUE,5,1,2,1,1,1,3,4,"2025-01-23 09:26:29"
"IZTECH_S004","2025-01-23 11:03:49",1,TRUE,5,1,3,1,1,1,4,2,"2025-01-23 11:05:27"
"IZTECH_S004","2025-01-23 14:01:33",4,TRUE,5,1,3,1,1,1,5,1,"2025-01-23 14:02:26"
"IZTECH_S004","2025-01-23 17:23:40",3,TRUE,5,1,5,1,1,2,6,1,"2025-01-23 17:24:20"
"IZTECH_S004","2025-01-23 20:01:11",1,TRUE,5,1,3,1,1,1,5,2,"2025-01-23 20:01:48"
"IZTECH_S004","2025-01-24 09:44:29",3,TRUE,5,1,2,1,1,1,3,3,"2025-01-24 09:45:15"
"IZTECH_S004","2025-01-24 11:01:17",1,TRUE,3,1,3,1,1,1,5,1,"2025-01-24 11:02:20"
"IZTECH_S004","2025-01-24 14:04:30",1,TRUE,5,1,2,2,1,2,5,1,"2025-01-24 14:05:08"
"IZTECH_S004","2025-01-24 17:01:49",3,TRUE,5,1,3,1,1,1,5,1,"2025-01-24 17:02:12"
"IZTECH_S004","2025-01-24 20:10:51",1,TRUE,5,1,3,1,1,1,3,2,"2025-01-24 20:11:18"
"IZTECH_S004","2025-01-24 22:25:22",1,TRUE,5,1,2,1,1,1,3,2,"2025-01-24 22:25:51"
"IZTECH_S004","2025-01-25 09:58:16",3,TRUE,5,1,2,1,1,2,2,5,"2025-01-25 10:01:02"
"IZTECH_S004","2025-01-25 11:05:18",3,TRUE,5,1,3,1,1,1,4,2,"2025-01-25 11:05:53"
"IZTECH_S004","2025-01-25 17:04:55",3,TRUE,5,1,2,1,1,1,4,3,"2025-01-25 17:05:38"
"IZTECH_S004","2025-01-25 20:01:48",1,TRUE,5,1,3,1,1,1,4,1,"2025-01-25 20:02:13"
"IZTECH_S004","2025-01-26 10:22:49",3,TRUE,5,1,2,1,1,1,2,3,"2025-01-26 10:23:36"
"IZTECH_S004","2025-01-26 11:05:21",3,TRUE,5,1,2,1,1,1,3,2,"2025-01-26 11:05:56"
"IZTECH_S004","2025-01-26 14:08:14",1,TRUE,5,1,3,1,1,2,4,1,"2025-01-26 14:08:42"
"IZTECH_S004","2025-01-26 17:29:37",3,TRUE,5,1,4,1,1,1,5,1,"2025-01-26 17:30:12"
"IZTECH_S004","2025-01-26 20:14:46",1,TRUE,5,1,2,1,1,1,3,2,"2025-01-26 20:15:17"
"IZTECH_S004","2025-01-27 10:14:41",3,TRUE,5,1,2,1,1,1,2,3,"2025-01-27 10:17:07"
"IZTECH_S004","2025-01-27 11:23:11",1,TRUE,5,1,3,1,1,2,4,1,"2025-01-27 11:23:35"
"IZTECH_S004","2025-01-27 14:22:02",1,TRUE,5,1,4,1,1,1,6,1,"2025-01-27 14:22:25"
