"Id","Date","start","end","lightsource_primary","lightsource_secondary","light_electric_indoor","light_electric_outdoor","light_daylight_indoor","light_daylight_outdoor","light_display","light_sleep_darkness","light_sleep_imission","act_sleep","act_home","act_road_vehicle","act_road_open","act_working_indoor","act_working_outdoor","act_free_outdoor","act_other","activity_desc","mhlea_confidence","startdate","activity_desc_english"
"IZTECH_S001","2024-12-23","2024-12-23 14:00:00","2024-12-23 15:00:00","Electric light source indoors",,TRUE,FALSE,FALSE,FALSE,FALSE,FALSE,FALSE,FALSE,FALSE,FALSE,FALSE,TRUE,FALSE,FALSE,FALSE,,"Fairly confident","2024-12-23 22:23:05",
"IZTECH_S001","2024-12-23","2024-12-23 15:00:00","2024-12-23 16:00:00","Daylight indoors",,FALSE,FALSE,TRUE,FALSE,FALSE,FALSE,FALSE,FALSE,FALSE,TRUE,FALSE,FALSE,FALSE,FALSE,FALSE,,"Fairly confident","2024-12-23 22:23:05",
"IZTECH_S001","2024-12-23","2024-12-23 16:00:00","2024-12-23 17:00:00","Daylight indoors","Daylight outdoors (including shade)",FALSE,FALSE,TRUE,TRUE,FALSE,FALSE,FALSE,FALSE,FALSE,TRUE,FALSE,FALSE,FALSE,FALSE,FALSE,,"Fairly confident","2024-12-23 22:23:05",
"IZTECH_S001","2024-12-23","2024-12-23 17:00:00","2024-12-23 18:00:00","Electric light source indoors",,TRUE,FALSE,FALSE,FALSE,FALSE,FALSE,FALSE,FALSE,TRUE,FALSE,FALSE,FALSE,FALSE,FALSE,FALSE,,"Fairly confident","2024-12-23 22:23:05",
"IZTECH_S001","2024-12-23","2024-12-23 18:00:00","2024-12-23 19:00:00","Electric light source indoors",,TRUE,FALSE,FALSE,FALSE,FALSE,FALSE,FALSE,FALSE,FALSE,FALSE,FALSE,FALSE,FALSE,FALSE,TRUE,,"Fairly confident","2024-12-23 22:23:05",
"IZTECH_S001","2024-12-23","2024-12-23 19:00:00","2024-12-23 20:00:00","Electric light source indoors",,TRUE,FALSE,FALSE,FALSE,FALSE,FALSE,FALSE,FALSE,TRUE,FALSE,FALSE,FALSE,FALSE,FALSE,FALSE,,"Fairly confident","2024-12-23 22:23:05",
"IZTECH_S001","2024-12-23","2024-12-23 20:00:00","2024-12-23 21:00:00","Electric light source indoors",,TRUE,FALSE,FALSE,FALSE,FALSE,FALSE,FALSE,FALSE,FALSE,FALSE,FALSE,TRUE,FALSE,FALSE,FALSE,,"Fairly confident","2024-12-23 22:23:05",
"IZTECH_S001","2024-12-23","2024-12-23 21:00:00","2024-12-23 22:00:00","Electric light source indoors",,TRUE,FALSE,FALSE,FALSE,FALSE,FALSE,FALSE,FALSE,FALSE,FALSE,FALSE,TRUE,FALSE,FALSE,FALSE,,"Fairly confident","2024-12-23 22:23:05",
"IZTECH_S001","2024-12-23","2024-12-23 22:00:00","2024-12-23 23:00:00","Electric light source indoors",,TRUE,FALSE,FALSE,FALSE,FALSE,FALSE,FALSE,FALSE,FALSE,FALSE,FALSE,TRUE,FALSE,FALSE,FALSE,,"Fairly confident","2024-12-23 22:23:05",
"IZTECH_S001","2024-12-23","2024-12-23 23:00:00","2024-12-24 00:00:00","Electric light source indoors","Electric light source outdoors",TRUE,TRUE,FALSE,FALSE,FALSE,FALSE,FALSE,FALSE,FALSE,TRUE,FALSE,FALSE,FALSE,FALSE,FALSE,,"Fairly confident","2024-12-23 22:23:05",
"IZTECH_S001","2024-12-24","2024-12-24 00:00:00","2024-12-24 01:00:00","Emissive display light","Electric light source outdoors",FALSE,TRUE,FALSE,FALSE,TRUE,FALSE,FALSE,FALSE,FALSE,TRUE,FALSE,FALSE,FALSE,FALSE,FALSE,,,,
"IZTECH_S001","2024-12-24","2024-12-24 01:00:00","2024-12-24 02:00:00","Electric light source indoors","Emissive display light",TRUE,FALSE,FALSE,FALSE,TRUE,FALSE,FALSE,FALSE,FALSE,TRUE,FALSE,FALSE,FALSE,FALSE,FALSE,,,,
"IZTECH_S001","2024-12-24","2024-12-24 02:00:00","2024-12-24 03:00:00","Electric light source indoors","Emissive display light",TRUE,FALSE,FALSE,FALSE,TRUE,FALSE,FALSE,FALSE,FALSE,TRUE,FALSE,FALSE,FALSE,FALSE,FALSE,,,,
"IZTECH_S001","2024-12-24","2024-12-24 03:00:00","2024-12-24 04:00:00","Electric light source outdoors","Electric light source indoors",TRUE,TRUE,FALSE,FALSE,FALSE,FALSE,FALSE,FALSE,FALSE,TRUE,FALSE,FALSE,FALSE,FALSE,FALSE,,,,
"IZTECH_S001","2024-12-24","2024-12-24 04:00:00","2024-12-24 05:00:00","Electric light source outdoors","Electric light source indoors",TRUE,TRUE,FALSE,FALSE,FALSE,FALSE,FALSE,FALSE,TRUE,FALSE,FALSE,FALSE,FALSE,FALSE,FALSE,,,,
"IZTECH_S001","2024-12-24","2024-12-24 05:00:00","2024-12-24 06:00:00","Darkness during sleep",,FALSE,FALSE,FALSE,FALSE,FALSE,TRUE,FALSE,TRUE,FALSE,FALSE,FALSE,FALSE,FALSE,FALSE,FALSE,,,,
"IZTECH_S001","2024-12-24","2024-12-24 06:00:00","2024-12-24 07:00:00","Darkness during sleep",,FALSE,FALSE,FALSE,FALSE,FALSE,TRUE,FALSE,TRUE,FALSE,FALSE,FALSE,FALSE,FALSE,FALSE,FALSE,,,,
"IZTECH_S001","2024-12-24","2024-12-24 07:00:00","2024-12-24 08:00:00","Darkness during sleep",,FALSE,FALSE,FALSE,FALSE,FALSE,TRUE,FALSE,TRUE,FALSE,FALSE,FALSE,FALSE,FALSE,FALSE,FALSE,,,,
"IZTECH_S001","2024-12-24","2024-12-24 08:00:00","2024-12-24 09:00:00","Darkness during sleep","Light entering from outside during sleep",FALSE,FALSE,FALSE,FALSE,FALSE,TRUE,TRUE,TRUE,FALSE,FALSE,FALSE,FALSE,FALSE,FALSE,FALSE,,,,
"IZTECH_S001","2024-12-24","2024-12-24 09:00:00","2024-12-24 10:00:00","Electric light source indoors","Daylight indoors",TRUE,FALSE,TRUE,FALSE,FALSE,FALSE,FALSE,FALSE,TRUE,FALSE,FALSE,FALSE,FALSE,FALSE,FALSE,,,,
"IZTECH_S001","2024-12-24","2024-12-24 10:00:00","2024-12-24 11:00:00","Daylight outdoors (including shade)","Emissive display light",FALSE,FALSE,FALSE,TRUE,TRUE,FALSE,FALSE,FALSE,FALSE,TRUE,FALSE,FALSE,FALSE,FALSE,FALSE,,,,
"IZTECH_S001","2024-12-24","2024-12-24 11:00:00","2024-12-24 12:00:00","Daylight outdoors (including shade)",,FALSE,FALSE,FALSE,TRUE,FALSE,FALSE,FALSE,FALSE,FALSE,FALSE,FALSE,FALSE,FALSE,TRUE,FALSE,,,,
"IZTECH_S001","2024-12-24","2024-12-24 12:00:00","2024-12-24 13:00:00","Daylight outdoors (including shade)",,FALSE,FALSE,FALSE,TRUE,FALSE,FALSE,FALSE,FALSE,FALSE,FALSE,FALSE,FALSE,FALSE,TRUE,FALSE,,,,
"IZTECH_S001","2024-12-24","2024-12-24 13:00:00","2024-12-24 14:00:00","Daylight outdoors (including shade)",,FALSE,FALSE,FALSE,TRUE,FALSE,FALSE,FALSE,FALSE,FALSE,FALSE,FALSE,FALSE,FALSE,TRUE,FALSE,,,,
"IZTECH_S001","2024-12-24","2024-12-24 14:00:00","2024-12-24 15:00:00","Electric light source indoors","Daylight indoors",TRUE,FALSE,TRUE,FALSE,FALSE,FALSE,FALSE,FALSE,TRUE,FALSE,FALSE,FALSE,FALSE,FALSE,FALSE,,,,
"IZTECH_S001","2024-12-24","2024-12-24 15:00:00","2024-12-24 16:00:00","Electric light source indoors","Daylight indoors",TRUE,FALSE,TRUE,FALSE,FALSE,FALSE,FALSE,FALSE,TRUE,FALSE,FALSE,FALSE,FALSE,FALSE,FALSE,,,,
"IZTECH_S001","2024-12-24","2024-12-24 16:00:00","2024-12-24 17:00:00","Electric light source indoors","Daylight indoors",TRUE,FALSE,TRUE,FALSE,FALSE,FALSE,FALSE,FALSE,TRUE,FALSE,FALSE,FALSE,FALSE,FALSE,FALSE,,,,
"IZTECH_S001","2024-12-24","2024-12-24 17:00:00","2024-12-24 18:00:00","Electric light source indoors","Daylight indoors",TRUE,FALSE,TRUE,FALSE,FALSE,FALSE,FALSE,FALSE,TRUE,FALSE,FALSE,FALSE,FALSE,FALSE,FALSE,,,,
"IZTECH_S001","2024-12-24","2024-12-24 18:00:00","2024-12-24 19:00:00","Electric light source indoors",,TRUE,FALSE,FALSE,FALSE,FALSE,FALSE,FALSE,FALSE,TRUE,FALSE,FALSE,FALSE,FALSE,FALSE,FALSE,,,,
"IZTECH_S001","2024-12-24","2024-12-24 19:00:00","2024-12-24 20:00:00","Electric light source indoors",,TRUE,FALSE,FALSE,FALSE,FALSE,FALSE,FALSE,FALSE,TRUE,FALSE,FALSE,FALSE,FALSE,FALSE,FALSE,,,,
"IZTECH_S001","2024-12-24","2024-12-24 20:00:00","2024-12-24 21:00:00","Electric light source indoors",,TRUE,FALSE,FALSE,FALSE,FALSE,FALSE,FALSE,FALSE,TRUE,FALSE,FALSE,FALSE,FALSE,FALSE,FALSE,,,,
"IZTECH_S001","2024-12-24","2024-12-24 21:00:00","2024-12-24 22:00:00","Electric light source indoors","Emissive display light",TRUE,FALSE,FALSE,FALSE,TRUE,FALSE,FALSE,FALSE,TRUE,FALSE,FALSE,FALSE,FALSE,FALSE,FALSE,,,,
"IZTECH_S001","2024-12-24","2024-12-24 22:00:00","2024-12-24 23:00:00","Electric light source indoors","Emissive display light",TRUE,FALSE,FALSE,FALSE,TRUE,FALSE,FALSE,FALSE,TRUE,FALSE,FALSE,FALSE,FALSE,FALSE,FALSE,,,,
"IZTECH_S001","2024-12-24","2024-12-24 23:00:00","2024-12-25 00:00:00","Electric light source indoors","Emissive display light",TRUE,FALSE,FALSE,FALSE,TRUE,FALSE,FALSE,FALSE,TRUE,FALSE,FALSE,FALSE,FALSE,FALSE,FALSE,,,,
"IZTECH_S001","2024-12-25","2024-12-25 00:00:00","2024-12-25 01:00:00","Electric light source outdoors","Electric light source indoors",TRUE,TRUE,FALSE,FALSE,FALSE,FALSE,FALSE,FALSE,FALSE,TRUE,FALSE,FALSE,FALSE,FALSE,FALSE,,"Fairly confident","2024-12-25 22:09:28",
"IZTECH_S001","2024-12-25","2024-12-25 01:00:00","2024-12-25 02:00:00","Electric light source outdoors","Electric light source indoors",TRUE,TRUE,FALSE,FALSE,FALSE,FALSE,FALSE,FALSE,FALSE,FALSE,FALSE,FALSE,FALSE,FALSE,TRUE,"Hava limanında beklemek","Fairly confident","2024-12-25 22:09:28","Waiting at the airport"
"IZTECH_S001","2024-12-25","2024-12-25 02:00:00","2024-12-25 03:00:00","Electric light source outdoors","Electric light source indoors",TRUE,TRUE,FALSE,FALSE,FALSE,FALSE,FALSE,FALSE,FALSE,FALSE,FALSE,FALSE,FALSE,FALSE,TRUE,"Hava limanında beklemek","Fairly confident","2024-12-25 22:09:28","Waiting at the airport"
"IZTECH_S001","2024-12-25","2024-12-25 03:00:00","2024-12-25 04:00:00","Electric light source indoors","Emissive display light",TRUE,FALSE,FALSE,FALSE,TRUE,FALSE,FALSE,FALSE,FALSE,FALSE,FALSE,FALSE,FALSE,FALSE,TRUE,"Hava limanında beklemek","Fairly confident","2024-12-25 22:09:28","Waiting at the airport"
"IZTECH_S001","2024-12-25","2024-12-25 04:00:00","2024-12-25 05:00:00","Electric light source indoors","Darkness during sleep",TRUE,FALSE,FALSE,FALSE,FALSE,TRUE,FALSE,FALSE,FALSE,TRUE,FALSE,FALSE,FALSE,FALSE,FALSE,,"Fairly confident","2024-12-25 22:09:28",
"IZTECH_S001","2024-12-25","2024-12-25 05:00:00","2024-12-25 06:00:00","Darkness during sleep",,FALSE,FALSE,FALSE,FALSE,FALSE,TRUE,FALSE,TRUE,FALSE,FALSE,FALSE,FALSE,FALSE,FALSE,FALSE,,"Fairly confident","2024-12-25 22:09:28",
"IZTECH_S001","2024-12-25","2024-12-25 06:00:00","2024-12-25 07:00:00","Darkness during sleep",,FALSE,FALSE,FALSE,FALSE,FALSE,TRUE,FALSE,TRUE,FALSE,FALSE,FALSE,FALSE,FALSE,FALSE,FALSE,,"Fairly confident","2024-12-25 22:09:28",
"IZTECH_S001","2024-12-25","2024-12-25 07:00:00","2024-12-25 08:00:00","Darkness during sleep","Light entering from outside during sleep",FALSE,FALSE,FALSE,FALSE,FALSE,TRUE,TRUE,TRUE,FALSE,FALSE,FALSE,FALSE,FALSE,FALSE,FALSE,,"Fairly confident","2024-12-25 22:09:28",
"IZTECH_S001","2024-12-25","2024-12-25 08:00:00","2024-12-25 09:00:00","Electric light source indoors","Daylight outdoors (including shade)",TRUE,FALSE,FALSE,TRUE,FALSE,FALSE,FALSE,FALSE,TRUE,FALSE,FALSE,FALSE,FALSE,FALSE,FALSE,,"Fairly confident","2024-12-25 22:09:28",
"IZTECH_S001","2024-12-25","2024-12-25 09:00:00","2024-12-25 10:00:00","Electric light source indoors","Daylight indoors",TRUE,FALSE,TRUE,FALSE,FALSE,FALSE,FALSE,FALSE,FALSE,FALSE,FALSE,TRUE,FALSE,FALSE,FALSE,,"Fairly confident","2024-12-25 22:09:28",
"IZTECH_S001","2024-12-25","2024-12-25 10:00:00","2024-12-25 11:00:00","Electric light source indoors","Daylight indoors",TRUE,FALSE,TRUE,FALSE,FALSE,FALSE,FALSE,FALSE,FALSE,FALSE,FALSE,TRUE,FALSE,FALSE,FALSE,,"Fairly confident","2024-12-25 22:09:28",
"IZTECH_S001","2024-12-25","2024-12-25 11:00:00","2024-12-25 12:00:00","Electric light source indoors","Daylight indoors",TRUE,FALSE,TRUE,FALSE,FALSE,FALSE,FALSE,FALSE,FALSE,FALSE,FALSE,TRUE,FALSE,FALSE,FALSE,,"Fairly confident","2024-12-25 22:09:28",
"IZTECH_S001","2024-12-25","2024-12-25 12:00:00","2024-12-25 13:00:00","Electric light source indoors","Daylight indoors",TRUE,FALSE,TRUE,FALSE,FALSE,FALSE,FALSE,FALSE,FALSE,FALSE,FALSE,TRUE,FALSE,FALSE,FALSE,,"Fairly confident","2024-12-25 22:09:28",
"IZTECH_S001","2024-12-25","2024-12-25 13:00:00","2024-12-25 14:00:00","Electric light source indoors","Emissive display light",TRUE,FALSE,FALSE,FALSE,TRUE,FALSE,FALSE,FALSE,FALSE,FALSE,FALSE,TRUE,FALSE,FALSE,FALSE,,"Fairly confident","2024-12-25 22:09:28",
"IZTECH_S001","2024-12-25","2024-12-25 14:00:00","2024-12-25 15:00:00","Electric light source indoors","Emissive display light",TRUE,FALSE,FALSE,FALSE,TRUE,FALSE,FALSE,FALSE,FALSE,FALSE,FALSE,TRUE,FALSE,FALSE,FALSE,,"Fairly confident","2024-12-25 22:09:28",
"IZTECH_S001","2024-12-25","2024-12-25 15:00:00","2024-12-25 16:00:00","Electric light source indoors","Emissive display light",TRUE,FALSE,FALSE,FALSE,TRUE,FALSE,FALSE,FALSE,FALSE,FALSE,FALSE,TRUE,FALSE,FALSE,FALSE,,"Fairly confident","2024-12-25 22:09:28",
"IZTECH_S001","2024-12-25","2024-12-25 16:00:00","2024-12-25 17:00:00","Electric light source indoors","Emissive display light",TRUE,FALSE,FALSE,FALSE,TRUE,FALSE,FALSE,FALSE,FALSE,FALSE,FALSE,TRUE,FALSE,FALSE,FALSE,,"Fairly confident","2024-12-25 22:09:28",
"IZTECH_S001","2024-12-25","2024-12-25 17:00:00","2024-12-25 18:00:00","Electric light source indoors","Emissive display light",TRUE,FALSE,FALSE,FALSE,TRUE,FALSE,FALSE,FALSE,FALSE,FALSE,FALSE,TRUE,FALSE,FALSE,FALSE,,"Fairly confident","2024-12-25 22:09:28",
"IZTECH_S001","2024-12-25","2024-12-25 18:00:00","2024-12-25 19:00:00","Electric light source indoors","Emissive display light",TRUE,FALSE,FALSE,FALSE,TRUE,FALSE,FALSE,FALSE,FALSE,FALSE,FALSE,TRUE,FALSE,FALSE,FALSE,,"Fairly confident","2024-12-25 22:09:28",
"IZTECH_S001","2024-12-25","2024-12-25 19:00:00","2024-12-25 20:00:00","Electric light source indoors","Emissive display light",TRUE,FALSE,FALSE,FALSE,TRUE,FALSE,FALSE,FALSE,FALSE,FALSE,FALSE,TRUE,FALSE,FALSE,FALSE,,"Fairly confident","2024-12-25 22:09:28",
"IZTECH_S001","2024-12-25","2024-12-25 20:00:00","2024-12-25 21:00:00","Electric light source indoors","Emissive display light",TRUE,FALSE,FALSE,FALSE,TRUE,FALSE,FALSE,FALSE,FALSE,FALSE,FALSE,TRUE,FALSE,FALSE,FALSE,,"Fairly confident","2024-12-25 22:09:28",
"IZTECH_S001","2024-12-25","2024-12-25 21:00:00","2024-12-25 22:00:00","Electric light source indoors","Emissive display light",TRUE,FALSE,FALSE,FALSE,TRUE,FALSE,FALSE,FALSE,FALSE,FALSE,TRUE,FALSE,FALSE,FALSE,FALSE,,"Fairly confident","2024-12-25 22:09:28",
"IZTECH_S001","2024-12-25","2024-12-25 22:00:00","2024-12-25 23:00:00","Electric light source indoors","Emissive display light",TRUE,FALSE,FALSE,FALSE,TRUE,FALSE,FALSE,FALSE,FALSE,FALSE,FALSE,TRUE,FALSE,FALSE,FALSE,,"Fairly confident","2024-12-25 22:09:28",
"IZTECH_S001","2024-12-25","2024-12-25 23:00:00","2024-12-26 00:00:00","Electric light source indoors","Emissive display light",TRUE,FALSE,FALSE,FALSE,TRUE,FALSE,FALSE,FALSE,FALSE,FALSE,FALSE,TRUE,FALSE,FALSE,FALSE,,"Fairly confident","2024-12-25 22:09:28",
"IZTECH_S001","2024-12-26","2024-12-26 00:00:00","2024-12-26 01:00:00","Darkness during sleep","Electric light source indoors",TRUE,FALSE,FALSE,FALSE,FALSE,TRUE,FALSE,TRUE,FALSE,FALSE,FALSE,FALSE,FALSE,FALSE,FALSE,,"Fairly confident","2024-12-26 22:07:05",
"IZTECH_S001","2024-12-26","2024-12-26 01:00:00","2024-12-26 02:00:00","Darkness during sleep",,FALSE,FALSE,FALSE,FALSE,FALSE,TRUE,FALSE,TRUE,FALSE,FALSE,FALSE,FALSE,FALSE,FALSE,FALSE,,"Fairly confident","2024-12-26 22:07:05",
"IZTECH_S001","2024-12-26","2024-12-26 02:00:00","2024-12-26 03:00:00","Darkness during sleep",,FALSE,FALSE,FALSE,FALSE,FALSE,TRUE,FALSE,TRUE,FALSE,FALSE,FALSE,FALSE,FALSE,FALSE,FALSE,,"Fairly confident","2024-12-26 22:07:05",
"IZTECH_S001","2024-12-26","2024-12-26 03:00:00","2024-12-26 04:00:00","Darkness during sleep",,FALSE,FALSE,FALSE,FALSE,FALSE,TRUE,FALSE,TRUE,FALSE,FALSE,FALSE,FALSE,FALSE,FALSE,FALSE,,"Fairly confident","2024-12-26 22:07:05",
"IZTECH_S001","2024-12-26","2024-12-26 04:00:00","2024-12-26 05:00:00","Darkness during sleep",,FALSE,FALSE,FALSE,FALSE,FALSE,TRUE,FALSE,TRUE,FALSE,FALSE,FALSE,FALSE,FALSE,FALSE,FALSE,,"Fairly confident","2024-12-26 22:07:05",
"IZTECH_S001","2024-12-26","2024-12-26 05:00:00","2024-12-26 06:00:00","Darkness during sleep",,FALSE,FALSE,FALSE,FALSE,FALSE,TRUE,FALSE,TRUE,FALSE,FALSE,FALSE,FALSE,FALSE,FALSE,FALSE,,"Fairly confident","2024-12-26 22:07:05",
"IZTECH_S001","2024-12-26","2024-12-26 06:00:00","2024-12-26 07:00:00","Darkness during sleep",,FALSE,FALSE,FALSE,FALSE,FALSE,TRUE,FALSE,TRUE,FALSE,FALSE,FALSE,FALSE,FALSE,FALSE,FALSE,,"Fairly confident","2024-12-26 22:07:05",
"IZTECH_S001","2024-12-26","2024-12-26 07:00:00","2024-12-26 08:00:00","Darkness during sleep","Light entering from outside during sleep",FALSE,FALSE,FALSE,FALSE,FALSE,TRUE,TRUE,FALSE,TRUE,FALSE,FALSE,FALSE,FALSE,FALSE,FALSE,,"Fairly confident","2024-12-26 22:07:05",
"IZTECH_S001","2024-12-26","2024-12-26 08:00:00","2024-12-26 09:00:00","Daylight outdoors (including shade)",,FALSE,FALSE,FALSE,TRUE,FALSE,FALSE,FALSE,FALSE,FALSE,FALSE,FALSE,FALSE,TRUE,FALSE,FALSE,,"Fairly confident","2024-12-26 22:07:05",
"IZTECH_S001","2024-12-26","2024-12-26 09:00:00","2024-12-26 10:00:00","Daylight outdoors (including shade)","Daylight indoors",FALSE,FALSE,TRUE,TRUE,FALSE,FALSE,FALSE,FALSE,FALSE,FALSE,FALSE,FALSE,TRUE,FALSE,FALSE,,"Fairly confident","2024-12-26 22:07:05",
"IZTECH_S001","2024-12-26","2024-12-26 10:00:00","2024-12-26 11:00:00","Electric light source indoors","Daylight indoors",TRUE,FALSE,TRUE,FALSE,FALSE,FALSE,FALSE,FALSE,FALSE,FALSE,FALSE,TRUE,FALSE,FALSE,FALSE,,"Fairly confident","2024-12-26 22:07:05",
"IZTECH_S001","2024-12-26","2024-12-26 11:00:00","2024-12-26 12:00:00","Electric light source indoors","Daylight indoors",TRUE,FALSE,TRUE,FALSE,FALSE,FALSE,FALSE,FALSE,FALSE,FALSE,FALSE,TRUE,FALSE,FALSE,FALSE,,"Fairly confident","2024-12-26 22:07:05",
"IZTECH_S001","2024-12-26","2024-12-26 12:00:00","2024-12-26 13:00:00","Electric light source indoors","Daylight indoors",TRUE,FALSE,TRUE,FALSE,FALSE,FALSE,FALSE,FALSE,FALSE,FALSE,FALSE,TRUE,FALSE,FALSE,FALSE,,"Fairly confident","2024-12-26 22:07:05",
"IZTECH_S001","2024-12-26","2024-12-26 13:00:00","2024-12-26 14:00:00","Electric light source indoors","Daylight indoors",TRUE,FALSE,TRUE,FALSE,FALSE,FALSE,FALSE,FALSE,FALSE,FALSE,FALSE,TRUE,FALSE,FALSE,FALSE,,"Fairly confident","2024-12-26 22:07:05",
"IZTECH_S001","2024-12-26","2024-12-26 14:00:00","2024-12-26 15:00:00","Electric light source indoors","Daylight indoors",TRUE,FALSE,TRUE,FALSE,FALSE,FALSE,FALSE,FALSE,FALSE,FALSE,FALSE,TRUE,FALSE,FALSE,FALSE,,"Fairly confident","2024-12-26 22:07:05",
"IZTECH_S001","2024-12-26","2024-12-26 15:00:00","2024-12-26 16:00:00","Electric light source indoors","Daylight indoors",TRUE,FALSE,TRUE,FALSE,FALSE,FALSE,FALSE,FALSE,FALSE,FALSE,FALSE,TRUE,FALSE,FALSE,FALSE,,"Fairly confident","2024-12-26 22:07:05",
"IZTECH_S001","2024-12-26","2024-12-26 16:00:00","2024-12-26 17:00:00","Electric light source indoors","Daylight indoors",TRUE,FALSE,TRUE,FALSE,FALSE,FALSE,FALSE,FALSE,FALSE,FALSE,FALSE,TRUE,FALSE,FALSE,FALSE,,"Fairly confident","2024-12-26 22:07:05",
"IZTECH_S001","2024-12-26","2024-12-26 17:00:00","2024-12-26 18:00:00","Electric light source indoors","Daylight indoors",TRUE,FALSE,TRUE,FALSE,FALSE,FALSE,FALSE,FALSE,FALSE,FALSE,FALSE,FALSE,FALSE,FALSE,TRUE,"Kapalı alanda egzersiz/duş almak","Fairly confident","2024-12-26 22:07:05","Exercising indoors/taking a shower"
"IZTECH_S001","2024-12-26","2024-12-26 18:00:00","2024-12-26 19:00:00","Electric light source indoors","Electric light source outdoors",TRUE,TRUE,FALSE,FALSE,FALSE,FALSE,FALSE,FALSE,FALSE,FALSE,FALSE,FALSE,FALSE,FALSE,TRUE,"Açık alanda egzersiz","Fairly confident","2024-12-26 22:07:05","Exercise outdoors"
"IZTECH_S001","2024-12-26","2024-12-26 19:00:00","2024-12-26 20:00:00","Electric light source outdoors",,FALSE,TRUE,FALSE,FALSE,FALSE,FALSE,FALSE,FALSE,FALSE,FALSE,TRUE,FALSE,FALSE,FALSE,FALSE,,"Fairly confident","2024-12-26 22:07:05",
"IZTECH_S001","2024-12-26","2024-12-26 20:00:00","2024-12-26 21:00:00","Electric light source indoors","Emissive display light",TRUE,FALSE,FALSE,FALSE,TRUE,FALSE,FALSE,FALSE,FALSE,FALSE,FALSE,TRUE,FALSE,FALSE,FALSE,,"Fairly confident","2024-12-26 22:07:05",
"IZTECH_S001","2024-12-26","2024-12-26 21:00:00","2024-12-26 22:00:00","Electric light source indoors","Emissive display light",TRUE,FALSE,FALSE,FALSE,TRUE,FALSE,FALSE,FALSE,FALSE,FALSE,FALSE,TRUE,FALSE,FALSE,FALSE,,"Fairly confident","2024-12-26 22:07:05",
"IZTECH_S001","2024-12-26","2024-12-26 22:00:00","2024-12-26 23:00:00","Electric light source indoors","Emissive display light",TRUE,FALSE,FALSE,FALSE,TRUE,FALSE,FALSE,FALSE,FALSE,FALSE,FALSE,TRUE,FALSE,FALSE,FALSE,,"Fairly confident","2024-12-26 22:07:05",
"IZTECH_S001","2024-12-26","2024-12-26 23:00:00","2024-12-27 00:00:00","Electric light source indoors","Emissive display light",TRUE,FALSE,FALSE,FALSE,TRUE,FALSE,FALSE,FALSE,FALSE,FALSE,FALSE,TRUE,FALSE,FALSE,FALSE,,"Fairly confident","2024-12-26 22:07:05",
"IZTECH_S001","2024-12-27","2024-12-27 00:00:00","2024-12-27 01:00:00","Darkness during sleep","Emissive display light",FALSE,FALSE,FALSE,FALSE,TRUE,TRUE,FALSE,FALSE,TRUE,FALSE,FALSE,FALSE,FALSE,FALSE,FALSE,,"Fairly confident","2024-12-27 22:48:37",
"IZTECH_S001","2024-12-27","2024-12-27 01:00:00","2024-12-27 02:00:00","Darkness during sleep","Emissive display light",FALSE,FALSE,FALSE,FALSE,TRUE,TRUE,FALSE,FALSE,TRUE,FALSE,FALSE,FALSE,FALSE,FALSE,FALSE,,"Fairly confident","2024-12-27 22:48:37",
"IZTECH_S001","2024-12-27","2024-12-27 02:00:00","2024-12-27 03:00:00","Darkness during sleep",,FALSE,FALSE,FALSE,FALSE,FALSE,TRUE,FALSE,TRUE,FALSE,FALSE,FALSE,FALSE,FALSE,FALSE,FALSE,,"Fairly confident","2024-12-27 22:48:37",
"IZTECH_S001","2024-12-27","2024-12-27 03:00:00","2024-12-27 04:00:00","Darkness during sleep",,FALSE,FALSE,FALSE,FALSE,FALSE,TRUE,FALSE,TRUE,FALSE,FALSE,FALSE,FALSE,FALSE,FALSE,FALSE,,"Fairly confident","2024-12-27 22:48:37",
"IZTECH_S001","2024-12-27","2024-12-27 04:00:00","2024-12-27 05:00:00","Darkness during sleep",,FALSE,FALSE,FALSE,FALSE,FALSE,TRUE,FALSE,TRUE,FALSE,FALSE,FALSE,FALSE,FALSE,FALSE,FALSE,,"Fairly confident","2024-12-27 22:48:37",
"IZTECH_S001","2024-12-27","2024-12-27 05:00:00","2024-12-27 06:00:00","Darkness during sleep",,FALSE,FALSE,FALSE,FALSE,FALSE,TRUE,FALSE,TRUE,FALSE,FALSE,FALSE,FALSE,FALSE,FALSE,FALSE,,"Fairly confident","2024-12-27 22:48:37",
"IZTECH_S001","2024-12-27","2024-12-27 06:00:00","2024-12-27 07:00:00","Darkness during sleep",,FALSE,FALSE,FALSE,FALSE,FALSE,TRUE,FALSE,TRUE,FALSE,FALSE,FALSE,FALSE,FALSE,FALSE,FALSE,,"Fairly confident","2024-12-27 22:48:37",
"IZTECH_S001","2024-12-27","2024-12-27 07:00:00","2024-12-27 08:00:00","Darkness during sleep",,FALSE,FALSE,FALSE,FALSE,FALSE,TRUE,FALSE,TRUE,FALSE,FALSE,FALSE,FALSE,FALSE,FALSE,FALSE,,"Fairly confident","2024-12-27 22:48:37",
"IZTECH_S001","2024-12-27","2024-12-27 08:00:00","2024-12-27 09:00:00","Electric light source outdoors",,FALSE,TRUE,FALSE,FALSE,FALSE,FALSE,FALSE,FALSE,FALSE,FALSE,TRUE,FALSE,FALSE,FALSE,FALSE,,"Fairly confident","2024-12-27 22:48:37",
"IZTECH_S001","2024-12-27","2024-12-27 09:00:00","2024-12-27 10:00:00","Electric light source outdoors",,FALSE,TRUE,FALSE,FALSE,FALSE,FALSE,FALSE,FALSE,FALSE,FALSE,FALSE,FALSE,TRUE,FALSE,FALSE,,"Fairly confident","2024-12-27 22:48:37",
"IZTECH_S001","2024-12-27","2024-12-27 10:00:00","2024-12-27 11:00:00","Electric light source outdoors",,FALSE,TRUE,FALSE,FALSE,FALSE,FALSE,FALSE,FALSE,FALSE,FALSE,FALSE,FALSE,TRUE,FALSE,FALSE,,"Fairly confident","2024-12-27 22:48:37",
"IZTECH_S001","2024-12-27","2024-12-27 11:00:00","2024-12-27 12:00:00","Electric light source outdoors",,FALSE,TRUE,FALSE,FALSE,FALSE,FALSE,FALSE,FALSE,FALSE,FALSE,FALSE,FALSE,TRUE,FALSE,FALSE,,"Fairly confident","2024-12-27 22:48:37",
"IZTECH_S001","2024-12-27","2024-12-27 12:00:00","2024-12-27 13:00:00","Emissive display light","Daylight indoors",FALSE,FALSE,TRUE,FALSE,TRUE,FALSE,FALSE,FALSE,FALSE,FALSE,FALSE,TRUE,FALSE,FALSE,FALSE,,"Fairly confident","2024-12-27 22:48:37",
"IZTECH_S001","2024-12-27","2024-12-27 13:00:00","2024-12-27 14:00:00","Emissive display light","Daylight indoors",FALSE,FALSE,TRUE,FALSE,TRUE,FALSE,FALSE,FALSE,FALSE,FALSE,FALSE,TRUE,FALSE,FALSE,FALSE,,"Fairly confident","2024-12-27 22:48:37",
"IZTECH_S001","2024-12-27","2024-12-27 14:00:00","2024-12-27 15:00:00","Emissive display light","Daylight indoors",FALSE,FALSE,TRUE,FALSE,TRUE,FALSE,FALSE,FALSE,FALSE,FALSE,FALSE,TRUE,FALSE,FALSE,FALSE,,"Fairly confident","2024-12-27 22:48:37",
"IZTECH_S001","2024-12-27","2024-12-27 15:00:00","2024-12-27 16:00:00","Emissive display light","Daylight indoors",FALSE,FALSE,TRUE,FALSE,TRUE,FALSE,FALSE,FALSE,FALSE,FALSE,FALSE,TRUE,FALSE,FALSE,FALSE,,"Fairly confident","2024-12-27 22:48:37",
"IZTECH_S001","2024-12-27","2024-12-27 16:00:00","2024-12-27 17:00:00","Emissive display light","Daylight indoors",FALSE,FALSE,TRUE,FALSE,TRUE,FALSE,FALSE,FALSE,FALSE,FALSE,FALSE,TRUE,FALSE,FALSE,FALSE,,"Fairly confident","2024-12-27 22:48:37",
"IZTECH_S001","2024-12-27","2024-12-27 17:00:00","2024-12-27 18:00:00","Emissive display light","Daylight indoors",FALSE,FALSE,TRUE,FALSE,TRUE,FALSE,FALSE,FALSE,FALSE,FALSE,FALSE,TRUE,FALSE,FALSE,FALSE,,"Fairly confident","2024-12-27 22:48:37",
"IZTECH_S001","2024-12-27","2024-12-27 18:00:00","2024-12-27 19:00:00","Emissive display light","Electric light source outdoors",FALSE,TRUE,FALSE,FALSE,TRUE,FALSE,FALSE,FALSE,FALSE,FALSE,TRUE,FALSE,FALSE,FALSE,FALSE,,"Fairly confident","2024-12-27 22:48:37",
"IZTECH_S001","2024-12-27","2024-12-27 19:00:00","2024-12-27 20:00:00","Electric light source indoors",,TRUE,FALSE,FALSE,FALSE,FALSE,FALSE,FALSE,FALSE,TRUE,FALSE,FALSE,FALSE,FALSE,FALSE,FALSE,,"Fairly confident","2024-12-27 22:48:37",
"IZTECH_S001","2024-12-27","2024-12-27 20:00:00","2024-12-27 21:00:00","Electric light source indoors","Emissive display light",TRUE,FALSE,FALSE,FALSE,TRUE,FALSE,FALSE,FALSE,FALSE,FALSE,FALSE,TRUE,FALSE,FALSE,FALSE,,"Fairly confident","2024-12-27 22:48:37",
"IZTECH_S001","2024-12-27","2024-12-27 21:00:00","2024-12-27 22:00:00","Electric light source indoors","Emissive display light",TRUE,FALSE,FALSE,FALSE,TRUE,FALSE,FALSE,FALSE,FALSE,FALSE,FALSE,TRUE,FALSE,FALSE,FALSE,,"Fairly confident","2024-12-27 22:48:37",
"IZTECH_S001","2024-12-27","2024-12-27 22:00:00","2024-12-27 23:00:00","Electric light source indoors","Emissive display light",TRUE,FALSE,FALSE,FALSE,TRUE,FALSE,FALSE,FALSE,FALSE,FALSE,FALSE,TRUE,FALSE,FALSE,FALSE,,"Fairly confident","2024-12-27 22:48:37",
"IZTECH_S001","2024-12-27","2024-12-27 23:00:00","2024-12-28 00:00:00","Electric light source indoors","Emissive display light",TRUE,FALSE,FALSE,FALSE,TRUE,FALSE,FALSE,FALSE,FALSE,FALSE,FALSE,TRUE,FALSE,FALSE,FALSE,,"Fairly confident","2024-12-27 22:48:37",
"IZTECH_S001","2024-12-28","2024-12-28 00:00:00","2024-12-28 01:00:00","Darkness during sleep",,FALSE,FALSE,FALSE,FALSE,FALSE,TRUE,FALSE,FALSE,TRUE,FALSE,FALSE,FALSE,FALSE,FALSE,FALSE,,"Fairly confident","2024-12-28 23:05:23",
"IZTECH_S001","2024-12-28","2024-12-28 01:00:00","2024-12-28 02:00:00","Electric light source indoors",,TRUE,FALSE,FALSE,FALSE,FALSE,FALSE,FALSE,FALSE,TRUE,FALSE,FALSE,FALSE,FALSE,FALSE,FALSE,,"Fairly confident","2024-12-28 23:05:23",
"IZTECH_S001","2024-12-28","2024-12-28 02:00:00","2024-12-28 03:00:00","Darkness during sleep",,FALSE,FALSE,FALSE,FALSE,FALSE,TRUE,FALSE,TRUE,FALSE,FALSE,FALSE,FALSE,FALSE,FALSE,FALSE,,"Fairly confident","2024-12-28 23:05:23",
"IZTECH_S001","2024-12-28","2024-12-28 03:00:00","2024-12-28 04:00:00","Darkness during sleep",,FALSE,FALSE,FALSE,FALSE,FALSE,TRUE,FALSE,TRUE,FALSE,FALSE,FALSE,FALSE,FALSE,FALSE,FALSE,,"Fairly confident","2024-12-28 23:05:23",
"IZTECH_S001","2024-12-28","2024-12-28 04:00:00","2024-12-28 05:00:00","Darkness during sleep",,FALSE,FALSE,FALSE,FALSE,FALSE,TRUE,FALSE,TRUE,FALSE,FALSE,FALSE,FALSE,FALSE,FALSE,FALSE,,"Fairly confident","2024-12-28 23:05:23",
"IZTECH_S001","2024-12-28","2024-12-28 05:00:00","2024-12-28 06:00:00","Darkness during sleep",,FALSE,FALSE,FALSE,FALSE,FALSE,TRUE,FALSE,TRUE,FALSE,FALSE,FALSE,FALSE,FALSE,FALSE,FALSE,,"Fairly confident","2024-12-28 23:05:23",
"IZTECH_S001","2024-12-28","2024-12-28 06:00:00","2024-12-28 07:00:00","Darkness during sleep",,FALSE,FALSE,FALSE,FALSE,FALSE,TRUE,FALSE,TRUE,FALSE,FALSE,FALSE,FALSE,FALSE,FALSE,FALSE,,"Fairly confident","2024-12-28 23:05:23",
"IZTECH_S001","2024-12-28","2024-12-28 07:00:00","2024-12-28 08:00:00","Darkness during sleep","Light entering from outside during sleep",FALSE,FALSE,FALSE,FALSE,FALSE,TRUE,TRUE,TRUE,FALSE,FALSE,FALSE,FALSE,FALSE,FALSE,FALSE,,"Fairly confident","2024-12-28 23:05:23",
"IZTECH_S001","2024-12-28","2024-12-28 08:00:00","2024-12-28 09:00:00","Darkness during sleep","Light entering from outside during sleep",FALSE,FALSE,FALSE,FALSE,FALSE,TRUE,TRUE,TRUE,FALSE,FALSE,FALSE,FALSE,FALSE,FALSE,FALSE,,"Fairly confident","2024-12-28 23:05:23",
"IZTECH_S001","2024-12-28","2024-12-28 09:00:00","2024-12-28 10:00:00","Daylight outdoors (including shade)",,FALSE,FALSE,FALSE,TRUE,FALSE,FALSE,FALSE,FALSE,FALSE,FALSE,TRUE,FALSE,FALSE,FALSE,FALSE,,"Fairly confident","2024-12-28 23:05:23",
"IZTECH_S001","2024-12-28","2024-12-28 10:00:00","2024-12-28 11:00:00","Daylight outdoors (including shade)",,FALSE,FALSE,FALSE,TRUE,FALSE,FALSE,FALSE,FALSE,FALSE,FALSE,FALSE,FALSE,TRUE,FALSE,FALSE,,"Fairly confident","2024-12-28 23:05:23",
"IZTECH_S001","2024-12-28","2024-12-28 11:00:00","2024-12-28 12:00:00","Daylight indoors",,FALSE,FALSE,TRUE,FALSE,FALSE,FALSE,FALSE,FALSE,FALSE,FALSE,FALSE,TRUE,FALSE,FALSE,FALSE,,"Fairly confident","2024-12-28 23:05:23",
"IZTECH_S001","2024-12-28","2024-12-28 12:00:00","2024-12-28 13:00:00","Daylight indoors","Emissive display light",FALSE,FALSE,TRUE,FALSE,TRUE,FALSE,FALSE,FALSE,FALSE,FALSE,FALSE,TRUE,FALSE,FALSE,FALSE,,"Fairly confident","2024-12-28 23:05:23",
"IZTECH_S001","2024-12-28","2024-12-28 13:00:00","2024-12-28 14:00:00","Daylight indoors","Emissive display light",FALSE,FALSE,TRUE,FALSE,TRUE,FALSE,FALSE,FALSE,FALSE,FALSE,FALSE,TRUE,FALSE,FALSE,FALSE,,"Fairly confident","2024-12-28 23:05:23",
"IZTECH_S001","2024-12-28","2024-12-28 14:00:00","2024-12-28 15:00:00","Daylight indoors",,FALSE,FALSE,TRUE,FALSE,FALSE,FALSE,FALSE,FALSE,FALSE,FALSE,FALSE,TRUE,FALSE,FALSE,FALSE,,"Fairly confident","2024-12-28 23:05:23",
"IZTECH_S001","2024-12-28","2024-12-28 15:00:00","2024-12-28 16:00:00","Daylight indoors",,FALSE,FALSE,TRUE,FALSE,FALSE,FALSE,FALSE,FALSE,FALSE,FALSE,FALSE,TRUE,FALSE,FALSE,FALSE,,"Fairly confident","2024-12-28 23:05:23",
"IZTECH_S001","2024-12-28","2024-12-28 16:00:00","2024-12-28 17:00:00","Daylight indoors",,FALSE,FALSE,TRUE,FALSE,FALSE,FALSE,FALSE,FALSE,FALSE,FALSE,FALSE,TRUE,FALSE,FALSE,FALSE,,"Fairly confident","2024-12-28 23:05:23",
"IZTECH_S001","2024-12-28","2024-12-28 17:00:00","2024-12-28 18:00:00","Daylight outdoors (including shade)","Electric light source outdoors",FALSE,TRUE,FALSE,TRUE,FALSE,FALSE,FALSE,FALSE,FALSE,FALSE,TRUE,FALSE,FALSE,FALSE,FALSE,,"Fairly confident","2024-12-28 23:05:23",
"IZTECH_S001","2024-12-28","2024-12-28 18:00:00","2024-12-28 19:00:00","Electric light source outdoors",,FALSE,TRUE,FALSE,FALSE,FALSE,FALSE,FALSE,FALSE,FALSE,FALSE,FALSE,FALSE,FALSE,TRUE,FALSE,,"Fairly confident","2024-12-28 23:05:23",
"IZTECH_S001","2024-12-28","2024-12-28 19:00:00","2024-12-28 20:00:00","Electric light source indoors",,TRUE,FALSE,FALSE,FALSE,FALSE,FALSE,FALSE,FALSE,TRUE,FALSE,FALSE,FALSE,FALSE,FALSE,FALSE,,"Fairly confident","2024-12-28 23:05:23",
"IZTECH_S001","2024-12-28","2024-12-28 20:00:00","2024-12-28 21:00:00","Electric light source indoors","Emissive display light",TRUE,FALSE,FALSE,FALSE,TRUE,FALSE,FALSE,FALSE,FALSE,FALSE,FALSE,TRUE,FALSE,FALSE,FALSE,,"Fairly confident","2024-12-28 23:05:23",
"IZTECH_S001","2024-12-28","2024-12-28 21:00:00","2024-12-28 22:00:00","Electric light source indoors","Emissive display light",TRUE,FALSE,FALSE,FALSE,TRUE,FALSE,FALSE,FALSE,FALSE,FALSE,FALSE,TRUE,FALSE,FALSE,FALSE,,"Fairly confident","2024-12-28 23:05:23",
"IZTECH_S001","2024-12-28","2024-12-28 22:00:00","2024-12-28 23:00:00","Electric light source indoors","Emissive display light",TRUE,FALSE,FALSE,FALSE,TRUE,FALSE,FALSE,FALSE,FALSE,FALSE,FALSE,TRUE,FALSE,FALSE,FALSE,,"Fairly confident","2024-12-28 23:05:23",
"IZTECH_S001","2024-12-28","2024-12-28 23:00:00","2024-12-29 00:00:00","Electric light source indoors","Emissive display light",TRUE,FALSE,FALSE,FALSE,TRUE,FALSE,FALSE,FALSE,FALSE,FALSE,FALSE,TRUE,FALSE,FALSE,FALSE,,"Fairly confident","2024-12-28 23:05:23",
"IZTECH_S001","2024-12-29","2024-12-29 00:00:00","2024-12-29 01:00:00","Darkness during sleep","Emissive display light",FALSE,FALSE,FALSE,FALSE,TRUE,TRUE,FALSE,FALSE,TRUE,FALSE,FALSE,FALSE,FALSE,FALSE,FALSE,,"Fairly confident","2024-12-29 21:56:29",
"IZTECH_S001","2024-12-29","2024-12-29 01:00:00","2024-12-29 02:00:00","Darkness during sleep",,FALSE,FALSE,FALSE,FALSE,FALSE,TRUE,FALSE,TRUE,FALSE,FALSE,FALSE,FALSE,FALSE,FALSE,FALSE,,"Fairly confident","2024-12-29 21:56:29",
"IZTECH_S001","2024-12-29","2024-12-29 02:00:00","2024-12-29 03:00:00","Darkness during sleep",,FALSE,FALSE,FALSE,FALSE,FALSE,TRUE,FALSE,TRUE,FALSE,FALSE,FALSE,FALSE,FALSE,FALSE,FALSE,,"Fairly confident","2024-12-29 21:56:29",
"IZTECH_S001","2024-12-29","2024-12-29 03:00:00","2024-12-29 04:00:00","Darkness during sleep",,FALSE,FALSE,FALSE,FALSE,FALSE,TRUE,FALSE,TRUE,FALSE,FALSE,FALSE,FALSE,FALSE,FALSE,FALSE,,"Fairly confident","2024-12-29 21:56:29",
"IZTECH_S001","2024-12-29","2024-12-29 04:00:00","2024-12-29 05:00:00","Darkness during sleep",,FALSE,FALSE,FALSE,FALSE,FALSE,TRUE,FALSE,TRUE,FALSE,FALSE,FALSE,FALSE,FALSE,FALSE,FALSE,,"Fairly confident","2024-12-29 21:56:29",
"IZTECH_S001","2024-12-29","2024-12-29 05:00:00","2024-12-29 06:00:00","Darkness during sleep",,FALSE,FALSE,FALSE,FALSE,FALSE,TRUE,FALSE,TRUE,FALSE,FALSE,FALSE,FALSE,FALSE,FALSE,FALSE,,"Fairly confident","2024-12-29 21:56:29",
"IZTECH_S001","2024-12-29","2024-12-29 06:00:00","2024-12-29 07:00:00","Darkness during sleep",,FALSE,FALSE,FALSE,FALSE,FALSE,TRUE,FALSE,TRUE,FALSE,FALSE,FALSE,FALSE,FALSE,FALSE,FALSE,,"Fairly confident","2024-12-29 21:56:29",
"IZTECH_S001","2024-12-29","2024-12-29 07:00:00","2024-12-29 08:00:00","Darkness during sleep","Light entering from outside during sleep",FALSE,FALSE,FALSE,FALSE,FALSE,TRUE,TRUE,TRUE,FALSE,FALSE,FALSE,FALSE,FALSE,FALSE,FALSE,,"Fairly confident","2024-12-29 21:56:29",
"IZTECH_S001","2024-12-29","2024-12-29 08:00:00","2024-12-29 09:00:00","Darkness during sleep","Light entering from outside during sleep",FALSE,FALSE,FALSE,FALSE,FALSE,TRUE,TRUE,TRUE,FALSE,FALSE,FALSE,FALSE,FALSE,FALSE,FALSE,,"Fairly confident","2024-12-29 21:56:29",
"IZTECH_S001","2024-12-29","2024-12-29 09:00:00","2024-12-29 10:00:00","Electric light source outdoors","Emissive display light",FALSE,TRUE,FALSE,FALSE,TRUE,FALSE,FALSE,FALSE,FALSE,FALSE,TRUE,FALSE,FALSE,FALSE,FALSE,,"Fairly confident","2024-12-29 21:56:29",
"IZTECH_S001","2024-12-29","2024-12-29 10:00:00","2024-12-29 11:00:00","Electric light source outdoors","Emissive display light",FALSE,TRUE,FALSE,FALSE,TRUE,FALSE,FALSE,FALSE,FALSE,FALSE,FALSE,FALSE,FALSE,TRUE,FALSE,,"Fairly confident","2024-12-29 21:56:29",
"IZTECH_S001","2024-12-29","2024-12-29 11:00:00","2024-12-29 12:00:00","Electric light source outdoors","Emissive display light",FALSE,TRUE,FALSE,FALSE,TRUE,FALSE,FALSE,FALSE,FALSE,FALSE,FALSE,FALSE,FALSE,TRUE,FALSE,,"Fairly confident","2024-12-29 21:56:29",
"IZTECH_S001","2024-12-29","2024-12-29 12:00:00","2024-12-29 13:00:00","Electric light source outdoors",,FALSE,TRUE,FALSE,FALSE,FALSE,FALSE,FALSE,FALSE,FALSE,FALSE,FALSE,FALSE,FALSE,TRUE,FALSE,,"Fairly confident","2024-12-29 21:56:29",
"IZTECH_S001","2024-12-29","2024-12-29 13:00:00","2024-12-29 14:00:00","Electric light source outdoors",,FALSE,TRUE,FALSE,FALSE,FALSE,FALSE,FALSE,FALSE,FALSE,FALSE,FALSE,FALSE,FALSE,TRUE,FALSE,,"Fairly confident","2024-12-29 21:56:29",
"IZTECH_S001","2024-12-29","2024-12-29 14:00:00","2024-12-29 15:00:00","Electric light source outdoors",,FALSE,TRUE,FALSE,FALSE,FALSE,FALSE,FALSE,FALSE,FALSE,FALSE,FALSE,FALSE,TRUE,FALSE,FALSE,,"Fairly confident","2024-12-29 21:56:29",
"IZTECH_S001","2024-12-29","2024-12-29 15:00:00","2024-12-29 16:00:00","Electric light source outdoors",,FALSE,TRUE,FALSE,FALSE,FALSE,FALSE,FALSE,FALSE,FALSE,FALSE,FALSE,FALSE,FALSE,FALSE,TRUE,"Açık alanda spor yapmak","Fairly confident","2024-12-29 21:56:29","Doing sports outdoors"
"IZTECH_S001","2024-12-29","2024-12-29 16:00:00","2024-12-29 17:00:00","Emissive display light",,FALSE,FALSE,FALSE,FALSE,TRUE,FALSE,FALSE,FALSE,FALSE,FALSE,FALSE,TRUE,FALSE,FALSE,FALSE,,"Fairly confident","2024-12-29 21:56:29",
"IZTECH_S001","2024-12-29","2024-12-29 17:00:00","2024-12-29 18:00:00","Emissive display light",,FALSE,FALSE,FALSE,FALSE,TRUE,FALSE,FALSE,FALSE,FALSE,FALSE,FALSE,TRUE,FALSE,FALSE,FALSE,,"Fairly confident","2024-12-29 21:56:29",
"IZTECH_S001","2024-12-29","2024-12-29 18:00:00","2024-12-29 19:00:00","Emissive display light","Electric light source indoors",TRUE,FALSE,FALSE,FALSE,TRUE,FALSE,FALSE,FALSE,FALSE,FALSE,FALSE,TRUE,FALSE,FALSE,FALSE,,"Fairly confident","2024-12-29 21:56:29",
"IZTECH_S001","2024-12-29","2024-12-29 19:00:00","2024-12-29 20:00:00","Emissive display light","Electric light source indoors",TRUE,FALSE,FALSE,FALSE,TRUE,FALSE,FALSE,FALSE,TRUE,FALSE,FALSE,FALSE,FALSE,FALSE,FALSE,,"Fairly confident","2024-12-29 21:56:29",
"IZTECH_S001","2024-12-29","2024-12-29 20:00:00","2024-12-29 21:00:00","Emissive display light","Electric light source indoors",TRUE,FALSE,FALSE,FALSE,TRUE,FALSE,FALSE,FALSE,FALSE,FALSE,FALSE,TRUE,FALSE,FALSE,FALSE,,"Fairly confident","2024-12-29 21:56:29",
"IZTECH_S001","2024-12-29","2024-12-29 21:00:00","2024-12-29 22:00:00","Emissive display light","Electric light source indoors",TRUE,FALSE,FALSE,FALSE,TRUE,FALSE,FALSE,FALSE,FALSE,FALSE,FALSE,TRUE,FALSE,FALSE,FALSE,,"Fairly confident","2024-12-29 21:56:29",
"IZTECH_S001","2024-12-29","2024-12-29 22:00:00","2024-12-29 23:00:00","Darkness during sleep","Light entering from outside during sleep",FALSE,FALSE,FALSE,FALSE,FALSE,TRUE,TRUE,TRUE,FALSE,FALSE,FALSE,FALSE,FALSE,FALSE,FALSE,,"Fairly confident","2024-12-29 21:56:29",
"IZTECH_S001","2024-12-29","2024-12-29 23:00:00","2024-12-30 00:00:00","Darkness during sleep","Light entering from outside during sleep",FALSE,FALSE,FALSE,FALSE,FALSE,TRUE,TRUE,TRUE,FALSE,FALSE,FALSE,FALSE,FALSE,FALSE,FALSE,,"Fairly confident","2024-12-29 21:56:29",
"IZTECH_S001","2024-12-30","2024-12-30 00:00:00","2024-12-30 01:00:00","Darkness during sleep",,FALSE,FALSE,FALSE,FALSE,FALSE,TRUE,FALSE,FALSE,TRUE,FALSE,FALSE,FALSE,FALSE,FALSE,FALSE,,"Fairly confident","2024-12-30 23:03:55",
"IZTECH_S001","2024-12-30","2024-12-30 01:00:00","2024-12-30 02:00:00","Darkness during sleep",,FALSE,FALSE,FALSE,FALSE,FALSE,TRUE,FALSE,FALSE,TRUE,FALSE,FALSE,FALSE,FALSE,FALSE,FALSE,,"Fairly confident","2024-12-30 23:03:55",
"IZTECH_S001","2024-12-30","2024-12-30 02:00:00","2024-12-30 03:00:00","Darkness during sleep",,FALSE,FALSE,FALSE,FALSE,FALSE,TRUE,FALSE,TRUE,FALSE,FALSE,FALSE,FALSE,FALSE,FALSE,FALSE,,"Fairly confident","2024-12-30 23:03:55",
"IZTECH_S001","2024-12-30","2024-12-30 03:00:00","2024-12-30 04:00:00","Darkness during sleep",,FALSE,FALSE,FALSE,FALSE,FALSE,TRUE,FALSE,FALSE,TRUE,FALSE,FALSE,FALSE,FALSE,FALSE,FALSE,,"Fairly confident","2024-12-30 23:03:55",
"IZTECH_S001","2024-12-30","2024-12-30 04:00:00","2024-12-30 05:00:00","Darkness during sleep",,FALSE,FALSE,FALSE,FALSE,FALSE,TRUE,FALSE,TRUE,FALSE,FALSE,FALSE,FALSE,FALSE,FALSE,FALSE,,"Fairly confident","2024-12-30 23:03:55",
"IZTECH_S001","2024-12-30","2024-12-30 05:00:00","2024-12-30 06:00:00","Darkness during sleep",,FALSE,FALSE,FALSE,FALSE,FALSE,TRUE,FALSE,TRUE,FALSE,FALSE,FALSE,FALSE,FALSE,FALSE,FALSE,,"Fairly confident","2024-12-30 23:03:55",
"IZTECH_S001","2024-12-30","2024-12-30 06:00:00","2024-12-30 07:00:00","Darkness during sleep",,FALSE,FALSE,FALSE,FALSE,FALSE,TRUE,FALSE,TRUE,FALSE,FALSE,FALSE,FALSE,FALSE,FALSE,FALSE,,"Fairly confident","2024-12-30 23:03:55",
"IZTECH_S001","2024-12-30","2024-12-30 07:00:00","2024-12-30 08:00:00","Darkness during sleep","Light entering from outside during sleep",FALSE,FALSE,FALSE,FALSE,FALSE,TRUE,TRUE,FALSE,TRUE,FALSE,FALSE,FALSE,FALSE,FALSE,FALSE,,"Fairly confident","2024-12-30 23:03:55",
"IZTECH_S001","2024-12-30","2024-12-30 08:00:00","2024-12-30 09:00:00","Darkness during sleep","Light entering from outside during sleep",FALSE,FALSE,FALSE,FALSE,FALSE,TRUE,TRUE,TRUE,FALSE,FALSE,FALSE,FALSE,FALSE,FALSE,FALSE,,"Fairly confident","2024-12-30 23:03:55",
"IZTECH_S001","2024-12-30","2024-12-30 09:00:00","2024-12-30 10:00:00","Daylight outdoors (including shade)",,FALSE,FALSE,FALSE,TRUE,FALSE,FALSE,FALSE,FALSE,FALSE,FALSE,FALSE,FALSE,FALSE,TRUE,FALSE,,"Fairly confident","2024-12-30 23:03:55",
"IZTECH_S001","2024-12-30","2024-12-30 10:00:00","2024-12-30 11:00:00","Daylight outdoors (including shade)",,FALSE,FALSE,FALSE,TRUE,FALSE,FALSE,FALSE,FALSE,FALSE,FALSE,TRUE,FALSE,FALSE,FALSE,FALSE,,"Fairly confident","2024-12-30 23:03:55",
"IZTECH_S001","2024-12-30","2024-12-30 11:00:00","2024-12-30 12:00:00","Daylight indoors","Electric light source indoors",TRUE,FALSE,TRUE,FALSE,FALSE,FALSE,FALSE,FALSE,FALSE,FALSE,FALSE,FALSE,FALSE,FALSE,TRUE,"Doktor muayneleri","Fairly confident","2024-12-30 23:03:55","Medical appointment"
"IZTECH_S001","2024-12-30","2024-12-30 12:00:00","2024-12-30 13:00:00","Daylight indoors","Electric light source indoors",TRUE,FALSE,TRUE,FALSE,FALSE,FALSE,FALSE,FALSE,FALSE,FALSE,FALSE,FALSE,FALSE,FALSE,TRUE,"Doktor muayneleri","Fairly confident","2024-12-30 23:03:55","Medical appointment"
"IZTECH_S001","2024-12-30","2024-12-30 13:00:00","2024-12-30 14:00:00","Daylight indoors","Electric light source indoors",TRUE,FALSE,TRUE,FALSE,FALSE,FALSE,FALSE,FALSE,FALSE,FALSE,FALSE,FALSE,FALSE,FALSE,TRUE,"Doktor muayneleri","Fairly confident","2024-12-30 23:03:55","Medical appointment"
"IZTECH_S001","2024-12-30","2024-12-30 14:00:00","2024-12-30 15:00:00","Daylight indoors","Electric light source indoors",TRUE,FALSE,TRUE,FALSE,FALSE,FALSE,FALSE,FALSE,FALSE,FALSE,FALSE,FALSE,FALSE,FALSE,TRUE,"Doktor muayneleri","Fairly confident","2024-12-30 23:03:55","Medical appointment"
"IZTECH_S001","2024-12-30","2024-12-30 15:00:00","2024-12-30 16:00:00","Electric light source indoors","Emissive display light",TRUE,FALSE,FALSE,FALSE,TRUE,FALSE,FALSE,FALSE,FALSE,FALSE,FALSE,TRUE,FALSE,FALSE,FALSE,,"Fairly confident","2024-12-30 23:03:55",
"IZTECH_S001","2024-12-30","2024-12-30 16:00:00","2024-12-30 17:00:00","Electric light source indoors","Emissive display light",TRUE,FALSE,FALSE,FALSE,TRUE,FALSE,FALSE,FALSE,FALSE,FALSE,FALSE,TRUE,FALSE,FALSE,FALSE,,"Fairly confident","2024-12-30 23:03:55",
"IZTECH_S001","2024-12-30","2024-12-30 17:00:00","2024-12-30 18:00:00","Electric light source indoors","Emissive display light",TRUE,FALSE,FALSE,FALSE,TRUE,FALSE,FALSE,FALSE,FALSE,FALSE,FALSE,TRUE,FALSE,FALSE,FALSE,,"Fairly confident","2024-12-30 23:03:55",
"IZTECH_S001","2024-12-30","2024-12-30 18:00:00","2024-12-30 19:00:00","Electric light source indoors","Emissive display light",TRUE,FALSE,FALSE,FALSE,TRUE,FALSE,FALSE,FALSE,TRUE,FALSE,FALSE,FALSE,FALSE,FALSE,FALSE,,"Fairly confident","2024-12-30 23:03:55",
"IZTECH_S001","2024-12-30","2024-12-30 19:00:00","2024-12-30 20:00:00","Electric light source indoors","Emissive display light",TRUE,FALSE,FALSE,FALSE,TRUE,FALSE,FALSE,FALSE,TRUE,FALSE,FALSE,FALSE,FALSE,FALSE,FALSE,,"Fairly confident","2024-12-30 23:03:55",
"IZTECH_S001","2024-12-30","2024-12-30 20:00:00","2024-12-30 21:00:00","Electric light source indoors","Emissive display light",TRUE,FALSE,FALSE,FALSE,TRUE,FALSE,FALSE,FALSE,FALSE,FALSE,FALSE,TRUE,FALSE,FALSE,FALSE,,"Fairly confident","2024-12-30 23:03:55",
"IZTECH_S001","2024-12-30","2024-12-30 21:00:00","2024-12-30 22:00:00","Electric light source indoors","Emissive display light",TRUE,FALSE,FALSE,FALSE,TRUE,FALSE,FALSE,FALSE,FALSE,FALSE,FALSE,FALSE,FALSE,FALSE,TRUE,"Kapalı alanda egzersiz","Fairly confident","2024-12-30 23:03:55","Exercise indoors"
"IZTECH_S001","2024-12-30","2024-12-30 22:00:00","2024-12-30 23:00:00","Electric light source indoors","Emissive display light",TRUE,FALSE,FALSE,FALSE,TRUE,FALSE,FALSE,FALSE,FALSE,FALSE,FALSE,FALSE,FALSE,FALSE,TRUE,"Kapalı alanda egzersiz","Fairly confident","2024-12-30 23:03:55","Exercise indoors"
"IZTECH_S001","2024-12-30","2024-12-30 23:00:00","2024-12-31 00:00:00","Electric light source indoors","Emissive display light",TRUE,FALSE,FALSE,FALSE,TRUE,FALSE,FALSE,FALSE,TRUE,FALSE,FALSE,FALSE,FALSE,FALSE,FALSE,,"Fairly confident","2024-12-30 23:03:55",
"IZTECH_S001","2024-12-31","2024-12-31 00:00:00","2024-12-31 01:00:00","Darkness during sleep","Light entering from outside during sleep",FALSE,FALSE,FALSE,FALSE,FALSE,TRUE,TRUE,FALSE,TRUE,FALSE,FALSE,FALSE,FALSE,FALSE,FALSE,,,,
"IZTECH_S001","2024-12-31","2024-12-31 01:00:00","2024-12-31 02:00:00","Darkness during sleep",,FALSE,FALSE,FALSE,FALSE,FALSE,TRUE,FALSE,TRUE,FALSE,FALSE,FALSE,FALSE,FALSE,FALSE,FALSE,,,,
"IZTECH_S001","2024-12-31","2024-12-31 02:00:00","2024-12-31 03:00:00","Darkness during sleep",,FALSE,FALSE,FALSE,FALSE,FALSE,TRUE,FALSE,TRUE,FALSE,FALSE,FALSE,FALSE,FALSE,FALSE,FALSE,,,,
"IZTECH_S001","2024-12-31","2024-12-31 03:00:00","2024-12-31 04:00:00","Darkness during sleep",,FALSE,FALSE,FALSE,FALSE,FALSE,TRUE,FALSE,TRUE,FALSE,FALSE,FALSE,FALSE,FALSE,FALSE,FALSE,,,,
"IZTECH_S001","2024-12-31","2024-12-31 04:00:00","2024-12-31 05:00:00","Darkness during sleep",,FALSE,FALSE,FALSE,FALSE,FALSE,TRUE,FALSE,TRUE,FALSE,FALSE,FALSE,FALSE,FALSE,FALSE,FALSE,,,,
"IZTECH_S001","2024-12-31","2024-12-31 05:00:00","2024-12-31 06:00:00","Darkness during sleep",,FALSE,FALSE,FALSE,FALSE,FALSE,TRUE,FALSE,TRUE,FALSE,FALSE,FALSE,FALSE,FALSE,FALSE,FALSE,,,,
"IZTECH_S001","2024-12-31","2024-12-31 06:00:00","2024-12-31 07:00:00","Darkness during sleep",,FALSE,FALSE,FALSE,FALSE,FALSE,TRUE,FALSE,TRUE,FALSE,FALSE,FALSE,FALSE,FALSE,FALSE,FALSE,,,,
"IZTECH_S001","2024-12-31","2024-12-31 07:00:00","2024-12-31 08:00:00","Darkness during sleep",,FALSE,FALSE,FALSE,FALSE,FALSE,TRUE,FALSE,TRUE,FALSE,FALSE,FALSE,FALSE,FALSE,FALSE,FALSE,,,,
"IZTECH_S001","2024-12-31","2024-12-31 08:00:00","2024-12-31 09:00:00","Daylight outdoors (including shade)",,FALSE,FALSE,FALSE,TRUE,FALSE,FALSE,FALSE,FALSE,FALSE,FALSE,TRUE,FALSE,FALSE,FALSE,FALSE,,,,
"IZTECH_S001","2024-12-31","2024-12-31 09:00:00","2024-12-31 10:00:00","Daylight indoors","Daylight outdoors (including shade)",FALSE,FALSE,TRUE,TRUE,FALSE,FALSE,FALSE,FALSE,FALSE,TRUE,FALSE,FALSE,FALSE,FALSE,FALSE,,,,
"IZTECH_S001","2024-12-31","2024-12-31 10:00:00","2024-12-31 11:00:00","Daylight indoors","Daylight outdoors (including shade)",FALSE,FALSE,TRUE,TRUE,FALSE,FALSE,FALSE,FALSE,FALSE,TRUE,FALSE,FALSE,FALSE,FALSE,FALSE,,,,
"IZTECH_S001","2024-12-31","2024-12-31 11:00:00","2024-12-31 12:00:00","Electric light source indoors",,TRUE,FALSE,FALSE,FALSE,FALSE,FALSE,FALSE,FALSE,FALSE,FALSE,FALSE,TRUE,FALSE,FALSE,FALSE,,,,
